"Estimate","Std. Error","z value","Pr(>|z|)"
"(Intercept)",-2.61483031535973,0.612748063290453,-4.26738242356591,1.9777995013392e-05
"CBO",0.115869471832658,0.0502638103280183,2.30522658502215,0.0211538867014907
"X.NOC",3.3810676426976,1.82878600267585,1.84880441875128,0.0644860590851517
"changedsloc",0.0318806659566068,0.0130250411347257,2.44764416686644,0.0143793586329154
"X.churn",-5.52761066159668,2.12975287583025,-2.59542349928361,0.00944744315401371
