"Estimate","Std. Error","z value","Pr(>|z|)"
"(Intercept)",-4.35833957503003,0.490129032671784,-8.89222895300023,5.98951223662936e-19
"WMC",0.01097344944408,0.00334042543537424,3.28504546991948,0.00101965914791436
"RFC",0.00919522880952958,0.00559031119860792,1.64485097212823,0.100000547614986
