"Estimate","Std. Error","z value","Pr(>|z|)"
"(Intercept)",-5.43465750611712,0.625906259395592,-8.68286172975026,3.85933444982707e-18
"delta_RFC",0.0210534919973255,0.00752957319131585,2.79610695883895,0.00517222798670279
"X.deleted",22.9809953379613,6.57221000950033,3.49669217884723,0.000471065053508347
