"Estimate","Std. Error","z value","Pr(>|z|)"
"(Intercept)",-5.71161783926584,0.645882344454,-8.84312427535728,9.30786039145778e-19
"CBO",0.0705315199683618,0.034910948853279,2.02032663920956,0.0433495173557018
"RFC",0.0147203060702655,0.00564373326350438,2.60825687235352,0.00910046341439483
