version, Attr, sigAttr,Residual.deviance, df.residual, null.deviance, df.null, AIC, iter, theta, std.err, 2loglik
1.math1.2S_all.csv,2,1,40.9511856829472,165,51.7695708334659,167,46.9511856829472,21,,, 
2.math1.2R_all.csv,4,4,88.7564702481718,280,111.676826607106,284,98.7564702481718,6,,, 
3.math2.0_all.csv,4,3,65.9353930849921,289,106.50089573558,293,75.9353930849921,8,,, 
4.math2.1_all.csv,8,7,181.092863961922,468,250.218432246534,476,199.092863961922,6,,, 
5.math3.0_all.csv,2,2,138.507247523228,508,155.814292297831,510,144.507247523228,6,,, 
6.math3.1_all.csv,2,3,45.2784633205822,572,57.4057164480128,574,51.2784633205822,8,,, 
7.math3.1.1_all.csv,2,3,107.183389234219,591,125.083568646901,593,113.183389234219,7,,, 
