version, Attr, sigAttr,Residual.deviance, df.residual, null.deviance, df.null, AIC, iter, theta, std.err, 2loglik
math1.2_all.csv,6,5,255.482707807143,233,332.560631039866,239,269.482707807143,5,,, 
math2.0_all.csv,5,6,273.607739858565,288,407.44808468838,293,285.607739858565,5,,, 
math2.1_all.csv,6,6,411.417695007107,431,607.160399982361,437,425.417695007107,5,,, 
math3.0_all.csv,9,7,617.124820562977,501,707.956042164851,510,637.124820562977,5,,, 
math3.1_all.csv,10,6,582.189506317039,565,797.810967952451,575,604.189506317039,5,,, 
