"Estimate","Std. Error","z value","Pr(>|z|)"
"(Intercept)",-2.32711659358155,0.628779242114953,-3.70100734520766,0.000214745259240346
"delta_WMC",0.128393286608206,0.0494893369460895,2.59436263508783,0.00947664736863315
"X.churn",4.92874255146336,2.82487119514532,1.74476718086603,0.0810254037764319
