"Estimate","Std. Error","z value","Pr(>|z|)"
"(Intercept)",0.233034906774948,0.390411683727524,0.596895319704592,0.550577272264875
"DIT",-1.33564258100943,0.668733536236108,-1.99727172130015,0.045795673565169
