"Estimate","Std. Error","z value","Pr(>|z|)"
"(Intercept)",-1.10125392504393,0.664073751991163,-1.65833075278449,0.0972507250903432
"CBO",0.558158701385486,0.191330879574325,2.91724316862643,0.00353140342439776
"LCOM5",-1.11281935316029,0.486532205985631,-2.28724705059535,0.0221814071506925
"DIT",-3.50406733723469,1.44195721121709,-2.43007719644959,0.0150956072186149
"X.added",-2.48776345169429,1.25945809470201,-1.97526496686093,0.0482380866905976
"X.deleted",18.8311957045062,6.04074937343157,3.11736086706885,0.00182478056466084
