"Estimate","Std. Error","z value","Pr(>|z|)"
"(Intercept)",102.370372133856,110592.407776179,0.000925654610405415,0.999261434583193
"WMC",2.01382827503194,1414.08185331709,0.00142412426148316,0.998863713623187
"CBO",-81.1430103390076,228410.800727793,-0.000355250321265276,0.999716551259404
"LCOM5",-131.418017052923,121519.332853329,-0.00108145769045278,0.999137121773823
"DIT",-221.050695404884,158555.53360734,-0.00139415314228208,0.998887627092725
"X.RFC",-548.78618890119,538987.781624513,-0.00101817927532076,0.999187610616458
