version, Attr, sigAttr,Residual.deviance, df.residual, null.deviance, df.null, AIC, iter, theta, std.err, 2loglik
lang2.2_all.csv,2,2,51.2528867182792,59,84.9151086770986,61,57.2528867182792,7,,, 
lang2.3_all.csv,1,1,51.8927123622184,40,57.3642807948396,41,55.8927123622184,4,,, 
lang2.4_all.csv,5,5,54.2621644199134,85,124.289275055486,90,66.2621644199134,7,,, 
lang2.5_all.csv,5,0,3.38638672571266e-09,14,26.9204666803703,19,12.0000000033864,25,,, 
lang3.0_all.csv,3,1,40.7869760808568,59,86.0464211922594,62,48.7869760808568,7,,, 
