,Estimate,Std. Error,z value,Pr(>|z|)
(Intercept),-2.793577637,0.273774279,-10.20394483,1.90E-24
SLOC,0.005784168,0.001092924,5.292378006,1.21E-07
RFC,-0.033375141,0.008522142,-3.91628525,8.99E-05
X.LCOM5,-0.97363867,0.752883151,-1.293213522,0.19593722
changedsloc,0.022248362,0.009134722,2.435581793,0.014867863
