,lm,svm,cart,rf,avg_poptc
1,0.479737537,0.458323572,0.505324704,0.55278048,0.499041573
2,0.614245454,0.661208828,0.474188248,0.643834234,0.598369191
3,0.581869064,0.496916413,0.552392474,0.601388483,0.558141609
4,0.691905443,0.581449243,0.586646483,0.676179107,0.634045069
5,0.727325238,0.601192463,0.590808153,0.580582155,0.624977002
avg,0.619016547,0.559818104,0.541872012,0.610952892,
