"Estimate","Std. Error","z value","Pr(>|z|)"
"(Intercept)",-73.2947979006832,19369.8552678308,-0.00378396208372348,0.996980842279638
"SLOC",4.48007580034562,1259.70623487687,0.00355644488874306,0.997162373513786
"WMC",-19.8347135355983,5795.38439907491,-0.00342250179966741,0.997269243985853
"X.added",-158036735824.549,207564407894980,-0.000761386489269922,0.999392501534103
"X.changed",-158036736416.886,207564407927324,-0.000761386492005028,0.999392501531921
"X.churn",158036735655.59,207564407891708,0.000761386488467916,0.999392501534743
