"Estimate","Std. Error","z value","Pr(>|z|)"
"(Intercept)",-4.07547727189429,0.34533658595627,-11.8014639561253,3.83579516279791e-32
"WMC",0.0101914191686704,0.00390146110888,2.61220575683146,0.00899600938401053
"CBO",0.0706235925899098,0.0311093573607934,2.27017201836884,0.0231971480528429
"delta_LCOM5",-0.859693679130314,0.461143405179308,-1.8642653662065,0.062284447923779
"changedsloc",0.016999837188463,0.00841637279452113,2.01985316044098,0.0433986210438366
