"Estimate","Std. Error","z value","Pr(>|z|)"
"(Intercept)",-3.38440103935238,0.364120027617996,-9.29474014789159,1.47566211304206e-20
"WMC",0.0126087617868005,0.00266107858185466,4.73821474975485,2.15609257515865e-06
"RFC",0.0125721600766239,0.00460049697029953,2.73278303578696,0.00628016866869938
"DIT",-0.343197716400478,0.15276228490172,-2.24661287713309,0.0246647784897754
"X.WMC",-2.27726242876935,1.10588494674195,-2.05922183449409,0.0394729924297869
"X.CBO",1.81993359313355,0.659408962686181,2.75994670396931,0.00578107918361886
"X.RFC",2.16971759346349,0.791922041437947,2.73981210262033,0.00614743175931594
"X.LCOM5",-2.51228531754037,1.02802646367117,-2.44379440249893,0.01453370628451
