"Estimate","Std. Error","z value","Pr(>|z|)"
"(Intercept)",-3.16779454330203,0.278223874287738,-11.3857753990799,4.92283897743036e-30
"WMC",0.0117920591997989,0.0021725239246484,5.42781557708612,5.7047940905415e-08
"RFC",0.00883067641595885,0.00357010656439837,2.47350499394602,0.0133794934163595
"DIT",-0.289258553916571,0.126587635703533,-2.28504586809734,0.0223101383723702
"X.LCOM5",-3.03264981318464,1.0996362042302,-2.75786646667171,0.0058179958944942
"X.DIT",2.1297371450316,1.07948202965333,1.97292505713648,0.0485041013395134
"deletedsloc",0.00246635785234955,0.00159064091679437,1.55054344843588,0.121011133524327
