version, Attr, sigAttr,Residual.deviance, df.residual, null.deviance, df.null, AIC, iter, theta, std.err, 2loglik
1.math1.2S_all.csv,5,0,3.34154081349896e-08,153,29.7647883121694,158,12.0000000334154,25,,, 
2.math1.2R_all.csv,5,5,130.867033933928,447,163.910102295313,452,142.867033933928,7,,, 
3.math2.0_all.csv,4,4,226.56978774155,742,270.411017310715,746,236.56978774155,6,,, 
4.math2.1_all.csv,7,8,414.672047963207,1211,518.994618423503,1218,430.672047963207,6,,, 
5.math3.0_all.csv,6,6,580.756037268459,1725,684.119090732069,1731,594.756037268459,6,,, 
6.math3.1_all.csv,8,8,672.742202084356,2301,766.981208082259,2309,690.742202084356,7,,, 
7.math3.1.1_all.csv,9,7,795.562807892458,2890,896.464567677178,2899,815.562807892458,7,,, 
