"Estimate","Std. Error","z value","Pr(>|z|)"
"(Intercept)",-3.54150104639104,0.396405349501963,-8.93403948973071,4.10730639620574e-19
"changedsloc",0.0983977260140853,0.0241828275284754,4.06890905946467,4.72337772250332e-05
