"Estimate","Std. Error","z value","Pr(>|z|)"
"(Intercept)",-5.38399976163727,0.30951284470913,-17.3950769852443,8.99058689002622e-68
"CBO",0.06303135291216,0.0386406066880833,1.6312205815236,0.102843784003276
"RFC",0.0161676095277578,0.00477356594346158,3.38690398734363,0.000706861207678009
"delta_WMC",0.00897689042283885,0.00397325057477969,2.25933156086855,0.0238627681012355
"delta_CBO",0.0907047326513368,0.0589605614937948,1.53839669014826,0.123951651044874
"delta_RFC",-0.0146896296083046,0.0084774524315679,-1.73278820811829,0.083133319501182
"delta_DIT",0.580978994884811,0.186611622126445,3.11330552869398,0.00185004388500625
"changedsloc",0.0167983533897401,0.00471458779121235,3.56305877282655,0.000366558569878086
