,lr,naivebayes,svm,j48,cart,rf,avg_poptc
1,0.442663146,0.513829935,0.466116063,0.469647998,0.61140384,0.544440033,0.508016836
2,0.570328926,0.602615096,0.596268638,0.518875158,0.645211569,0.654931209,0.598038433
3,0.567437737,0.537672604,0.495399302,0.543545673,0.682085298,0.622303339,0.574740659
4,0.789647684,0.484654402,0.68159021,0.626206157,0.666792479,0.616053989,0.644157487
5,0.653054108,0.46074115,0.540660112,0.683034683,0.425716034,0.591244577,0.55907511
avg,0.60462632,0.519902637,0.556006865,0.568261934,0.606241844,0.605794629,
