,lm,svm,cart,rf,avg_poptc
1,0.684569642,0.464898963,0.286501826,0.574133319,0.502525937
2,0.365988796,0.399063771,0.461407413,0.483851329,0.427577827
3,0.845068662,0.659032324,0.483541377,0.298567389,0.571552438
4,0.645029641,0.665576618,0.656414979,0.762456638,0.682369469
5,0.784730788,0.850178733,0.529817933,0.622855661,0.696895779
avg,0.665077506,0.607750082,0.483536705,0.548372867,
