,lm,svm,cart,rf,avg_cec
1,0.369139284,-0.070202075,-0.770126161,0.148266638,-0.080730579
2,-0.268022408,-0.201872458,-0.165978564,-0.032297342,-0.167042693
3,0.690137324,0.318064647,-0.032917246,-0.402865222,0.143104876
4,0.290059281,0.331153236,0.312442772,0.524913276,0.364642141
5,0.569461577,0.700357467,0.059635865,0.245711322,0.393791558
avg,0.330155012,0.215500164,-0.119388667,0.096745734,
