"","lr","naivebayes","rf","cart","j48","svm"
"2.lang2.3_all.csv",0.660337552742616,0.348101265822785,0.790084388185654,0.534810126582279,0.487341772151899,0.715189873417722
"3.lang2.4_all.csv",0.622388059701493,0.36865671641791,0.705223880597015,0.517164179104478,0.376865671641791,0.61044776119403
"4.lang2.5_all.csv",0.716666666666667,0.56875,0.510416666666667,0.5,0.439583333333333,0.7375
"5.lang3.0b_all.csv",0.944444444444444,0.779761904761905,0.678571428571429,0.43452380952381,0.476190476190476,0.757936507936508
"6.lang3.0_all.csv",0.75,0.527777777777778,0.793055555555556,0.765277777777778,0.690277777777778,0.805555555555556
"7.lang3.0.1_all.csv",0.98989898989899,0.909090909090909,0.98989898989899,0.939393939393939,0,0.95959595959596
"8.lang3.1_all.csv",0.785714285714286,0.777472527472527,0.722527472527473,0.564835164835165,0.647252747252747,0.63956043956044
