"Estimate","Std. Error","z value","Pr(>|z|)"
"(Intercept)",-3.73224947020975,0.789692142007134,-4.72620819136381,2.28751122613048e-06
"SLOC",0.00201027214163669,0.00100538890353413,1.9994970449447,0.0455546012778433
"X.WMC",2.30338499009887,1.08399790681027,2.1248980054553,0.0335951244450308
