"Estimate","Std. Error","z value","Pr(>|z|)"
"(Intercept)",-3.21066864218554,0.371702524502482,-8.63773698196687,5.73374339202812e-18
"SLOC",0.00540708741843731,0.0013640259454141,3.96406493338056,7.36841957200725e-05
"RFC",-0.0274370617170503,0.0099694724124862,-2.75210769254819,0.00592130450781347
"changedsloc",0.0264893379198832,0.0105421742857468,2.51270157387715,0.0119810636970172
