"Estimate","Std. Error","z value","Pr(>|z|)"
"(Intercept)",-3.40591767171679,0.347638832825694,-9.79728773115666,1.15649272948906e-22
"SLOC",0.004987752440811,0.0012244956926858,4.07331154417612,4.63493578764903e-05
"RFC",-0.0275353814737567,0.00952904680943329,-2.88962600608678,0.00385700394534776
"addedsloc",0.00349952460683691,0.00275254314331455,1.27137865771029,0.203593971514495
"changedsloc",0.0308359286181523,0.010874973807502,2.83549451832981,0.00457548002721073
