"Estimate","Std. Error","z value","Pr(>|z|)"
"(Intercept)",-3.22940887153989,0.290580175608794,-11.1136586134067,1.07656336838438e-28
"SLOC",0.0054580535059279,0.00118935216287007,4.58909789406434,4.4516563817305e-06
"RFC",-0.0305676777390222,0.0092521854640157,-3.3038332249076,0.000953725502913581
"changedsloc",0.0255972792904566,0.00989302000416107,2.58740801895581,0.00967010096677018
