"Estimate","Std. Error","z value","Pr(>|z|)"
"(Intercept)",-3.6784498154691,0.305980018849495,-12.0218628304564,2.72752184662516e-33
"SLOC",0.00464678222944146,0.00109331452149173,4.25017882603564,2.13599913645443e-05
"RFC",-0.0280448205430254,0.00898930556861886,-3.1197983346932,0.00180974893891963
"addedsloc",0.00445562778934939,0.00285108030991467,1.56278578819926,0.118102988050365
"changedsloc",0.0378293783346811,0.010604074830259,3.5674378897001,0.000360488788856213
