version, Attr, sigAttr,Residual.deviance, df.residual, null.deviance, df.null, AIC, iter, theta, std.err, 2loglik
1.lang2.2_all.csv,2,3,34.0496903517337,72,41.8154057652881,74,40.0496903517337,6,,, 
2.lang2.3_all.csv,3,3,69.1553819811397,156,85.2430282457345,159,77.1553819811397,6,,, 
3.lang2.4_all.csv,3,4,107.1087356384,233,146.480286855391,236,115.1087356384,6,,, 
4.lang2.5_all.csv,4,4,126.470059091317,313,175.139739320781,317,136.470059091317,6,,, 
5.lang3.0b_all.csv,3,4,165.413524041031,401,213.882161978759,404,173.413524041031,6,,, 
6.lang3.0_all.csv,3,4,193.56902598375,500,254.217117109071,503,201.56902598375,6,,, 
7.lang3.0.1_all.csv,4,4,207.264428906489,599,272.854335869189,603,217.264428906489,6,,, 
