"Estimate","Std. Error","z value","Pr(>|z|)"
"(Intercept)",-4.60533200747595,0.468341192618096,-9.83328411009816,8.09354907508879e-23
"WMC",0.0153873346287017,0.00401371944648981,3.83368464932412,0.000126237959458395
"RFC",0.0160889651227965,0.00559633326571038,2.87491190372385,0.00404140242380965
"Estimate","Std. Error","z value","Pr(>|z|)"
"(Intercept)",-4.60533200747595,0.468341192618096,-9.83328411009816,8.09354907508879e-23
"WMC",0.0153873346287017,0.00401371944648981,3.83368464932412,0.000126237959458395
"RFC",0.0160889651227965,0.00559633326571038,2.87491190372385,0.00404140242380965
