"Estimate","Std. Error","z value","Pr(>|z|)"
"(Intercept)",-3.8205438896576,0.303045394776992,-12.6071669641081,1.92799667362711e-36
"WMC",0.0123488728952405,0.00320480495744136,3.85323695489397,0.000116566482533769
"Estimate","Std. Error","z value","Pr(>|z|)"
"(Intercept)",-3.8205438896576,0.303045394776992,-12.6071669641081,1.92799667362711e-36
"WMC",0.0123488728952405,0.00320480495744136,3.85323695489397,0.000116566482533769
