"Estimate","Std. Error","z value","Pr(>|z|)"
"(Intercept)",-6.46227309977443,0.740905702965832,-8.72212627586219,2.73025594937215e-18
"CBO",0.197554532974657,0.0452898051726579,4.36200889408824,1.288736296039e-05
"DIT",0.782245203914181,0.212534962756058,3.68054833788464,0.000232732933250711
"Estimate","Std. Error","z value","Pr(>|z|)"
"(Intercept)",-5.0348338019483,0.519615340848076,-9.68954033137443,3.34028607988216e-22
"delta_RFC",0.0195512707561924,0.00780749545151374,2.5041667814743,0.0122740160593231
