"Estimate","Std. Error","z value","Pr(>|z|)"
"(Intercept)",-11.5915806640826,4.92418474780782,-2.35401010679849,0.0185721061138811
"NMIMP",-0.0574969141360014,0.0437542066368911,-1.31408882837618,0.188816313199251
"NumPara",0.0747630975665599,0.0321039638216812,2.32878089390535,0.0198706760801632
"stms",0.00550763640739151,0.00258387855963593,2.1315384141612,0.0330448112563628
"SNHD",-9.39186000991842,4.88527708955147,-1.92248256091871,0.0545450658625256
