"Estimate","Std. Error","z value","Pr(>|z|)"
"(Intercept)",-7.42857194641401,2.19709817893982,-3.38108329323662,0.00072200652987847
"SLOC1",0.00307007975350512,0.00148561173279345,2.06654247926027,0.038777285700129
"TCC",4.47711516769979,2.51555547105934,1.77977199040433,0.075113283306257
"OCMEC",0.0325213772248949,0.0158870735444733,2.04703384382634,0.0406547616819142
