"Estimate","Std. Error","z value","Pr(>|z|)"
"(Intercept)",-5.36041208114923,1.19075070900723,-4.50170807424367,6.74095275404046e-06
"LCC",3.10520915381904,1.38318244467362,2.24497438192383,0.0247697772067446
"LCOM1",0.000701556001801775,0.000269302418839954,2.60508615118941,0.00918511613327631
