"Estimate","Std. Error","z value","Pr(>|z|)"
"(Intercept)",-5.09258316180076,1.53392272089789,-3.31997374601752,0.000900259139657334
"NOP",-3.3892649362676,1.35014912763561,-2.5102893205604,0.0120632280724629
"CBO",0.283126946312781,0.106110196702161,2.66823505291848,0.00762508918273936
