"Estimate","Std. Error","z value","Pr(>|z|)"
"(Intercept)",-5.29363163306574,0.520576029950664,-10.1687963496272,2.73264505992223e-24
"CBO",0.0909838603391371,0.0452005573362713,2.01289244427362,0.0441259456240625
"RFC",0.0166220693331803,0.00498122952650957,3.33694105937489,0.000847059095436401
"delta_CBO",0.230464007093275,0.0616700085177409,3.737051650106,0.000186190687781532
