"","CE0.1","CE0.2","CE0.5","CE1","POPT0.1","POPT0.2","POPT0.5","POPT1"
"lm",-0.365384778,-0.2775952605,-0.0983519561,-0.0383988597,0.1672317895,0.2577565977,0.4024917031,0.4808005702
"svm",-0.4033436063,-0.2932614858,-0.1275686904,-0.2048239548,0.1504322746,0.267367488,0.3890737866,0.3975880228
"cart",-0.4033436063,-0.2932614858,-0.1275686904,-0.2048239548,0.1504322746,0.267367488,0.3890737866,0.3975880228
"rf",-0.2813142115,-0.1221791842,-0.0816292554,-0.1231142218,0.2351343709,0.367734034,0.4143210104,0.4384428893
