"","lr","naivebayes","rf","cart","j48","svm"
"1.lang2.2_all.csv",0.134307576049752,0.133448672518119,0.345069545473018,-0.43068072821011,-0.274017515434933,0.142220237061535
"2.lang2.3_all.csv",0.708541607549016,0.0789721479950267,0.831670433001968,0.562707190747211,0.143609659653606,0.481308822194235
"3.lang2.4_all.csv",0.306969556121188,-0.0111238415985384,0.260777125680637,0.0924733947817454,0.0462365654836615,-0.461578224624912
"5.lang3.0b_all.csv",0.0290112913246929,0.158362585386726,0.573159787032173,0.023729478330813,0.399347392230495,0.0896366845574361
"6.lang3.0_all.csv",0.103723339154265,0.0477705253632831,0.347978032428098,-0.289063653327983,-0.105438467041659,0.212096369129768
"8.lang3.1_all.csv",-0.0640039022096913,-0.211218595131835,0.309703341924705,-0.201545100115359,0.123386071703096,0.245043547679949
