"","lr","naivebayes","rf","cart","j48","svm"
"1.lang2.2_all.csv",0.500724637681159,0.428260869565218,0.656521739130435,0.573188405797101,0.392028985507246,0.378985507246377
"2.lang2.3_all.csv",0.714173789173789,0.315337132003799,0.88872269705603,0.853442545109212,0.761823361823362,0.518566001899335
"3.lang2.4_all.csv",0.763383838383838,0.561989459815547,0.805292050944225,0.787933684672815,0.665903601229688,0.131093544137022
"5.lang3.0b_all.csv",0.549404761904762,0.388095238095238,0.8375,0.747916666666667,0.852976190476191,0.228571428571429
"6.lang3.0_all.csv",0.423888888888889,0.574444444444444,0.598888888888889,0.641666666666667,0.551111111111111,0.459444444444444
"8.lang3.1_all.csv",0.272389486260454,0.410800477897252,0.483500597371565,0.630328554360812,0.354091995221027,0.289504181600956
