"Estimate","Std. Error","z value","Pr(>|z|)"
"(Intercept)",-0.697595001907519,0.253724999934715,-2.74941374356888,0.00597019738803809
"delta_WMC",0.0645177345988416,0.0210946275332998,3.05849129106424,0.00222454545005157
"X.CBO",2.21758208674899,1.21797356161273,1.82071446921448,0.0686502715612851
"X.DIT",-3.05762377375993,1.35097751772307,-2.2632676959075,0.0236191923799904
