"Estimate","Std. Error","z value","Pr(>|z|)"
"(Intercept)",-0.515656240965238,0.262776698492817,-1.96233624945757,0.049723349531395
"delta_WMC",0.261734830763656,0.116977963129015,2.23747126178791,0.0252555555552238
"X.CBO",-5.0908972813073,2.81957129997501,-1.80555720699541,0.0709875320955813
"X.LCOM5",-198.005123105229,117.621456831536,-1.68340988488879,0.0922957710048826
"changedsloc",0.0776318905958267,0.0201946230600424,3.84418616604096,0.000120953162429352
"X.churn",-4.66665776822226,2.28190638421925,-2.04506977170273,0.0408479799302747
