version, Attr, sigAttr,Residual.deviance, df.residual, null.deviance, df.null, AIC, iter, theta, std.err, 2loglik
lang2.2_all.csv,3,3,158.297930007924,131,186.964511205033,134,166.297930007924,7,,, 
lang2.3_all.csv,4,3,149.312167733753,138,196.663768894506,142,159.312167733753,8,,, 
lang2.4_all.csv,4,4,76.541279636453,143,205.063444172344,147,86.541279636453,7,,, 
lang2.5_all.csv,3,1,134.370720308456,142,201.713508671307,145,142.370720308456,9,,, 
lang3.0_all.csv,5,4,154.765889718539,153,219.91109706991,158,166.765889718539,12,,, 
