,lr,naivebayes,svm,j48,cart,rf,avg_poptc
1,0.377679572,0.48207895,0.600296425,0.446318187,0.292186314,0.537387485,0.455991155
2,0.45493055,0.290722124,0.361430435,0.584524084,0.546583787,0.509641112,0.457972015
3,0.687403334,0.506538143,0.497898733,0.832836007,0.565623584,0.224718399,0.552503033
4,0.738937752,0.439837173,0.557933896,0.490040445,0.706890327,0.745415256,0.613175808
5,0.667963179,0.57517364,0.796703154,0.667377896,0.648359912,0.692178326,0.674626018
avg,0.585382877,0.458870006,0.562852529,0.604219324,0.551928785,0.541868116,
