"Estimate","Std. Error","z value","Pr(>|z|)"
"(Intercept)",-2.8192995636143,0.382897574323219,-7.36306457045983,1.79735375578542e-13
"SLOC",0.00600138606319569,0.00130602434215491,4.59515636078691,4.32424884474741e-06
"RFC",-0.0287640339552258,0.0092597450769982,-3.10635268207086,0.00189410660270904
"DIT",-0.941311493479097,0.599219023496001,-1.57089721215331,0.116206526276955
"X.changed",6.39169516075039,2.29288730922068,2.78761853452049,0.00530970255155174
