"Estimate","Std. Error","z value","Pr(>|z|)"
"(Intercept)",-3.53772590793593,0.381722219741658,-9.26780188570158,1.90021444715588e-20
"SLOC",0.00592908439944885,0.00134730770723875,4.40069062738479,1.07906882032716e-05
"RFC",-0.0361088710154373,0.0108587329540753,-3.32533005168762,0.000883139221252721
"delta_WMC",0.0116692164601106,0.00945568433182742,1.23409539178804,0.217167360494714
"changedsloc",0.0504473666769237,0.0181206862368225,2.78396557490252,0.00536987332192918
