"Estimate","Std. Error","z value","Pr(>|z|)"
"(Intercept)",-2.94237271259682,0.300295709329129,-9.7982509279609,1.14551965031313e-22
"WMC",0.0138088613172126,0.00485092304915262,2.84664612843628,0.00441824460780643
"CBO",0.124230616451069,0.0581306983306603,2.13709141673161,0.0325905569441518
"RFC",-0.0262574148327658,0.0106048326273194,-2.47598578454914,0.0132868868388519
"delta_WMC",0.0249419247757468,0.0115434820774891,2.16069333397987,0.0307190361856458
"X.LCOM5",-4.81296360819425,3.01302912444847,-1.5973836990624,0.110180203809714
"changedsloc",0.0186193094465343,0.0092989662697111,2.00229884768824,0.0452525998757761
