version, Attr, sigAttr,Residual.deviance, df.residual, null.deviance, df.null, AIC, iter, theta, std.err, 2loglik
lang2.2_all.csv,1,2,37.200273143999,71,54.5200013455752,72,41.200273143999,7,,, 
lang2.3_all.csv,2,1,79.3110917546176,155,89.838561840555,157,85.3110917546176,7,,, 
lang2.4_all.csv,4,4,119.994826312062,238,165.33139004983,242,129.994826312062,6,,, 
lang2.5_all.csv,4,4,109.732674064654,303,163.58989962585,307,119.732674064654,6,,, 
lang3.0_all.csv,6,6,161.983668598417,396,223.513840695127,402,175.983668598417,8,,, 
