"Estimate","Std. Error","z value","Pr(>|z|)"
"(Intercept)",-2.78314298321545,0.878278825245985,-3.16886039286665,0.00153037885324101
"SLOC",0.00871896510361917,0.00466803053304947,1.8678037861769,0.0617894255342627
"WMC",-0.0413228511773705,0.024884304675629,-1.66059898864045,0.0967940122445905
"CBO",0.233903473704993,0.150194091225343,1.55734138271829,0.119389455160512
"Estimate","Std. Error","z value","Pr(>|z|)"
"(Intercept)",-4.70582846399519,1.59829757612433,-2.94427554311021,0.00323711656967254
"RFC",0.0118777330152273,0.00456985298745072,2.59914991747978,0.00934549487346256
"changedsloc",0.382782276572082,0.121718742668455,3.14480965034882,0.00166194926895167
