"Estimate","Std. Error","z value","Pr(>|z|)"
"(Intercept)",-3.56265626916467,1.40942573579358,-2.52773606915778,0.0114800616842151
"changedsloc",1.41715937734722,0.547739087854565,2.58728911040124,0.0096734389843838
"X.churn",-10.1319989287972,6.68273647236784,-1.51614521546548,0.129482637267162
