"Estimate","Std. Error","z value","Pr(>|z|)"
"(Intercept)",-3.57456731842116,1.02480813159245,-3.48803567050804,0.000486583159040466
"WMC",0.0408488539721768,0.0134162378672957,3.04473238893242,0.00232887432014509
"X.added",116.913185634238,46.7702155891087,2.49973587167862,0.0124285931503903
