"Estimate","Std. Error","z value","Pr(>|z|)"
"(Intercept)",-7.37065199246805,3.15112177512055,-2.33905653874201,0.0193325075734117
"SLOC",0.0140230133758255,0.00566520615899725,2.47528739153733,0.0133128999969847
"NOC",1.20010723577843,0.516925580237131,2.32162477861494,0.0202531484788853
"X.churn",-15.2461834783716,14.0108878188932,-1.08816683678051,0.276521462121246
