version, Attr, sigAttr,Residual.deviance, df.residual, null.deviance, df.null, AIC, iter, theta, std.err, 2loglik
time2.0_all.csv,2,3,41.1906165593283,52,75.3528598407913,54,47.1906165593283,6,,, 
time2.1_all.csv,2,2,7.67910810289582,25,38.2428538632264,27,13.6791081028958,8,,, 
time2.2_all.csv,2,3,29.2916392575203,39,57.3642807948396,41,35.2916392575203,5,,, 
time2.3_all.csv,3,3,15.6631383499255,30,46.6623284325079,33,23.6631383499255,9,,, 
