"Estimate","Std. Error","z value","Pr(>|z|)"
"(Intercept)",-0.0798867249008257,0.253217639635709,-0.315486413252073,0.752392365404636
"CBO",0.199092457877335,0.0590934187803624,3.36911388757721,0.000754102631362825
"DIT",-2.40602521202443,0.687736493109034,-3.4984695971964,0.000467936435685954
"X.WMC",-8.55183276148464,6.16988224089487,-1.38606093724154,0.165728296953953
"changedsloc",0.101117223629707,0.0464163643439519,2.17848220253559,0.0293701558296515
