"Estimate","Std. Error","z value","Pr(>|z|)"
"(Intercept)",-2.63625549768388,0.649390492149817,-4.05958437881731,4.91601409914903e-05
"WMC",0.0498634187940299,0.0100576690968462,4.95775097727817,7.13138873897441e-07
"RFC",-0.0310046579779672,0.014714855635562,-2.10703106750413,0.0351148866849842
"X.RFC",-2.46590064639802,1.3163144072285,-1.87333712436528,0.0610218464738237
"changedsloc",0.0449768716984873,0.0111554176706964,4.03184112206168,5.534159604872e-05
