"Estimate","Std. Error","z value","Pr(>|z|)"
"(Intercept)",-0.116249689302687,0.234308914961692,-0.49613856699261,0.619796650486438
"delta_CBO",1.82030944209215,0.453434000067205,4.01449702012278,5.95726963285674e-05
"X.WMC",-32.2687903692477,16.8699509145484,-1.91279693300232,0.0557740539548154
"X.added",-8.68066420800002,7.0129126529103,-1.23781153960297,0.215785948632996
