version, Attr, sigAttr,Residual.deviance, df.residual, null.deviance, df.null, AIC, iter, theta, std.err, 2loglik
math1.2_all.csv,1,2,75.1622860679413,238,101.090691973599,239,79.1622860679413,6,,, 
math2.0_all.csv,4,4,79.9875509821519,289,106.50089573558,293,89.9875509821519,6,,, 
math2.1_all.csv,6,5,164.028644887587,431,234.105742076682,437,178.028644887587,7,,, 
math3.0_all.csv,2,2,137.087883540531,508,155.814292297831,510,143.087883540531,6,,, 
math3.1_all.csv,3,4,140.29219961652,572,199.532398175052,575,148.29219961652,7,,, 
