"","lr","naivebayes","rf","cart","j48","svm"
"2.lang2.3_all.csv",-0.210772622145129,0.0353064469499855,-0.257769586585718,-0.727359786065337,-0.218451864700781,0.0644694998554496
"3.lang2.4_all.csv",-0.119315484177281,-0.298505460025184,-0.181873542101026,-0.260347212187519,-0.320696488656772,-0.345137584377516
"4.lang2.5_all.csv",0.498357951096515,-0.0400473159115318,0.199489486217684,-0.0308020358293514,-0.0848417874208159,-0.0512848449003097
"5.lang3.0b_all.csv",0.195023855174566,-0.225041244927989,0.281669416328533,0.244589111339011,0.467713024479422,-0.0900967583716057
"6.lang3.0_all.csv",0.789144741579182,-0.294998631932144,0.382900591869357,-0.172246943448395,0.256116703388488,0.336674299045233
"7.lang3.0.1_all.csv",0.720890502375741,0.113661844001922,0.595216486039186,0.57386151299984,0.836207356788212,-0.341732956062143
"8.lang3.1_all.csv",0.0838986249476261,-0.0153641586071491,-0.0582189764845614,-0.68265411771224,-0.124724279664392,0.173202580430695
