"Estimate","Std. Error","z value","Pr(>|z|)"
"(Intercept)",-3.59689763733325,0.741545886725731,-4.85053953062193,1.23126090607667e-06
"delta_WMC",0.15106617688862,0.0568899917306469,2.65540866315928,0.00792123814715246
"Estimate","Std. Error","z value","Pr(>|z|)"
"(Intercept)",-3.59689763733325,0.741545886725731,-4.85053953062193,1.23126090607667e-06
"delta_WMC",0.15106617688862,0.0568899917306469,2.65540866315928,0.00792123814715246
