"Estimate","Std. Error","z value","Pr(>|z|)"
"(Intercept)",-3.21090284964367,0.500296425140817,-6.418000785714,1.38075543895258e-10
"CBO",0.081306810819806,0.034853301694587,2.33282951303387,0.0196570950330286
