"Estimate","Std. Error","z value","Pr(>|z|)"
"(Intercept)",-2.93013261529497,0.495261518452549,-5.91633411061332,3.29196168062959e-09
"SLOC",0.00604984848746365,0.00142999903840071,4.23066612284558,2.33000294820017e-05
"CBO",0.0805291988503787,0.0411127512406122,1.95874020639198,0.0501432192542564
"RFC",-0.0394118062219515,0.0108752076931287,-3.62400492331315,0.000290076078859919
"changedsloc",0.0242562358979476,0.0132428516504128,1.83164748335692,0.0670039575947712
