"Estimate","Std. Error","z value","Pr(>|z|)"
"(Intercept)",-2.52847915969552,0.315184641481168,-8.02221563783459,1.0385461521164e-15
"SLOC",0.00637848820116353,0.00125686544647488,5.07491730244731,3.87664564047112e-07
"RFC",-0.0373774785442486,0.00984148263276392,-3.79795198945053,0.000145896573073563
"changedsloc",0.0275042467509763,0.010427308838167,2.63771287278867,0.00834672204089794
