"Estimate","Std. Error","z value","Pr(>|z|)"
"(Intercept)",-3.47129627166724,0.35931074403539,-9.66098656745242,4.4159056014952e-22
"CBO",0.0745011148110482,0.026640871260146,2.79649693448651,0.00516599010473122
"changedsloc",0.0184607768535728,0.00988958891874164,1.86668798928417,0.0619451719748975
