"Estimate","Std. Error","z value","Pr(>|z|)"
"(Intercept)",-3.71773235569442,0.353762056877463,-10.5091325748996,7.8411420672771e-26
"CBO",0.0713638534121389,0.0258485765025997,2.76084268721574,0.00576524389121211
"changedsloc",0.0264696397494685,0.0111865223071825,2.36620810495083,0.0179713394482793
