"Estimate","Std. Error","z value","Pr(>|z|)"
"(Intercept)",-4.15467729776592,0.399696245474641,-10.3945867513272,2.62422000924717e-25
"CBO",0.0642431307912559,0.0287163654801426,2.23716092608169,0.0252758241300033
"changedsloc",0.0332757215200812,0.0132848696247543,2.50478344613011,0.0122526386163033
