version, Attr, sigAttr,Residual.deviance, df.residual, null.deviance, df.null, AIC, iter, theta, std.err, 2loglik
1.lang2.2_all.csv,1,2,30.0805194387939,71,46.1299103734025,72,34.0805194387939,7,,, 
2.lang2.3_all.csv,1,2,84.8363902674293,156,89.838561840555,157,88.8363902674293,5,,, 
3.lang2.4_all.csv,4,3,120.893808537877,233,172.412225196474,237,130.893808537877,6,,, 
4.lang2.5_all.csv,3,4,151.666677960484,317,203.82705904269,320,159.666677960484,6,,, 
5.lang3.0b_all.csv,2,2,176.630902782525,382,195.560558374459,384,182.630902782525,5,,, 
6.lang3.0_all.csv,2,3,188.951370724833,472,218.361400491797,474,194.951370724833,6,,, 
7.lang3.0.1_all.csv,2,3,151.997869797806,545,178.178393948045,547,157.997869797806,6,,, 
