"Estimate","Std. Error","z value","Pr(>|z|)"
"(Intercept)",-0.478605466236805,0.33050790259642,-1.44809083981639,0.147591647051023
"SLOC",0.00232174282623307,0.000897567919860048,2.58670433162884,0.00968986992729588
"NOC",-0.674332428591925,0.298048313563138,-2.26249368946379,0.0236669182898621
"X.changed",5.41695916454298,2.48435601695606,2.18042789663458,0.029225758152817
