"Estimate","Std. Error","z value","Pr(>|z|)"
"(Intercept)",0.0387492717839437,0.291582675234487,0.132892915372225,0.894278069921532
"NOC",-0.532945368739224,0.258653439146207,-2.06046117344672,0.0393544739663662
"changedsloc",0.00401844905549149,0.00299717966992944,1.34074346486746,0.180003757365922
"churnsloc",0.00296154922718915,0.00176730414222492,1.67574395172342,0.0937883567906618
"X.added",-2.40771328564349,1.03998674920811,-2.31513842602017,0.0206053576860197
