"Estimate","Std. Error","z value","Pr(>|z|)"
"(Intercept)",-0.454360697504235,0.293888654269733,-1.54603007262478,0.122097305186395
"SLOC",0.00122470695854803,0.000481816762208619,2.54185212015881,0.0110266815435014
"X.RFC",-1.85353087992839,0.902327010138284,-2.05416756796888,0.0399594762095376
"changedsloc",0.00953929288645106,0.00679418559689143,1.40403772467087,0.160307616200764
