version, Attr, sigAttr,Residual.deviance, df.residual, null.deviance, df.null, AIC, iter, theta, std.err, 2loglik
lang2.2_all.csv,3,2,79.8326636723477,71,103.958743355569,74,87.8326636723477,5,,, 
lang2.3_all.csv,3,3,96.2632185274521,81,117.823255717905,84,104.263218527452,5,,, 
lang2.4_all.csv,4,1,71.2235886083544,80,117.823255717905,84,81.2235886083544,6,,, 
lang2.5_all.csv,4,2,89.3700622311905,76,112.277497258067,80,99.3700622311905,5,,, 
lang3.0_all.csv,3,2,110.909252622618,90,130.31166994527,93,118.909252622618,4,,, 
