"Estimate","Std. Error","z value","Pr(>|z|)"
"(Intercept)",-4.77414564861867,0.516663542697419,-9.2403377712575,2.45720319452831e-20
"SLOC",0.00137344662347112,0.000638443250374577,2.15124307863747,0.0314570184629942
"CBO",0.103745808062696,0.03843138093415,2.69950768202836,0.00694421525531578
"changedsloc",0.066852942353827,0.0281850442898033,2.37192965412557,0.0176954594056056
"Estimate","Std. Error","z value","Pr(>|z|)"
"(Intercept)",-4.77414564861867,0.516663542697419,-9.2403377712575,2.45720319452831e-20
"SLOC",0.00137344662347112,0.000638443250374577,2.15124307863747,0.0314570184629942
"CBO",0.103745808062696,0.03843138093415,2.69950768202836,0.00694421525531578
"changedsloc",0.066852942353827,0.0281850442898033,2.37192965412557,0.0176954594056056
