,Estimate,Std. Error,z value,Pr(>|z|)
(Intercept),-4.774145649,0.516663543,-9.240337771,2.46E-20
SLOC,0.001373447,0.000638443,2.151243079,0.031457018
CBO,0.103745808,0.038431381,2.699507682,0.006944215
changedsloc,0.066852942,0.028185044,2.371929654,0.017695459
