model.type, train.version, BPP, BCE, MFM
lr,1,0.00019237,0.000223755,0.00019237
rf,1,0.000431239,0.000434783,0.001054492
cart,1,0.000432526,0.000466853,0.000674764
j48,1,0.000565931,0.000238152,0.001188354
naivebayes,1,0.018181818,0.004132231,0.000565931
svm,1,0.000448429,0.00050082,0.001672941
