model.type,BPP,BCE,MFM
lr,0.00019237,0.000223755,0.00019237
rf,0.000442558,0.000463668,0.001022091
cart,0.000432526,0.000466853,0.000674764
j48,0.000565931,0.000238152,0.001188354
naivebayes,0.018181818,0.004132231,0.000565931
svm,0.000664847,0.000548878,0.001096286
