"Estimate","Std. Error","z value","Pr(>|z|)"
"(Intercept)",-4.75170610190632,1.01864690666816,-4.6647234393009,3.09032378632785e-06
"CBO",0.197603299126657,0.0525894057892624,3.7574735093699,0.000171637530244791
"RFC",0.00582777481963494,0.00254813069363781,2.28707845880345,0.0221912439686421
"NOC",0.270423280730211,0.0796473022102991,3.39525976681785,0.000685635145519737
"delta_CBO",1.07203358924614,0.695098150381283,1.54227656721299,0.123006400715475
"X.CBO",9.34023233684739,5.57985529939964,1.67392017098586,0.0941462893669911
"changedsloc",0.0908634718018165,0.0284440243912576,3.19446610479436,0.00140089734609577
