version, Attr, sigAttr,Residual.deviance, df.residual, null.deviance, df.null, AIC, iter, theta, std.err, 2loglik
time2.0_all.csv,6,5,123.481335604102,127,185.285548321644,133,137.481335604102,5,,, 
time2.1_all.csv,7,5,43.3498079424147,125,184.008558694743,132,59.3498079424147,8,,, 
time2.2_all.csv,9,8,63.6988673149067,124,185.285548321644,133,83.6988673149067,7,,, 
time2.3_all.csv,6,5,105.929216188072,128,186.786612968471,134,119.929216188072,6,,, 
