"Estimate","Std. Error","z value","Pr(>|z|)"
"(Intercept)",-0.913556204743391,0.714790290512376,-1.27807584527839,0.201222684848888
"SLOC",0.0182077944970209,0.00612361101653549,2.97337542307221,0.00294543944901358
"RFC",-0.137662851428972,0.0726208436169685,-1.89563828471976,0.058007891167937
"X.CBO",-6.32846975320019,3.373622034191,-1.87586804006566,0.0606734021873087
