"Estimate","Std. Error","z value","Pr(>|z|)"
"(Intercept)",-3.45112328731613,0.334122509662361,-10.3289158542583,5.21466131816326e-25
"stms",0.0102156330452905,0.00334445943024026,3.05449453293462,0.00225440123384863
"LCOM3",-0.103518798503349,0.0538932045188761,-1.92081356875135,0.0547552152292448
"CBO",-0.164448109369951,0.0537260911472719,-3.06086122884266,0.00220701358340443
"DAC",-0.171543464010277,0.0669923192228312,-2.5606437573789,0.0104478428185209
"OCMIC",0.0730279151300605,0.0207043329359317,3.52718029390471,0.000420010655278211
