,P.BPP,P.BCE,P.MFM,P.0.5,TP.BPP,TP.BCE,TP.MFM,TP.AVG,TP.0.5,P.BPP,P.BCE,P.MFM,P.AVG,P.0.5,R.BPP,R.BCE,R.MFM,R.AVG,R.0.5,F.BPP,F.BCE,F.MFM,F.AVG,F.0.5,ACC.BPP,ACC.BCE,ACC.MFM,ACC.AVG,ACC.0.5,AUC,ER.BPP,ER.BCE,ER.MFM,ER.AVG,ER.0.5,AR0.05,AR0.1,AR0.15,AR0.2,AR0.25,AR0.3,AR0.35,AR0.4,AR0.45,AR0.5,AR0.55,AR0.6,AR0.65,AR0.7,AR0.75,AR0.8,AR0.85,AR0.9,AR0.95,AR1,CE0.05,CE0.1,CE0.15,CE0.2,CE0.25,CE0.3,CE0.35,CE0.4,CE0.45,CE0.5,CE0.55,CE0.6,CE0.65,CE0.7,CE0.75,CE0.8,CE0.85,CE0.9,CE0.95,CE1,POPT_BPP,POPT_BCE,POPT_MFM,POPT_0.5,POPT0.05,POPT0.1,POPT0.15,POPT0.2,POPT0.25,POPT0.3,POPT0.35,POPT0.4,POPT0.45,POPT0.5,POPT0.55,POPT0.6,POPT0.65,POPT0.7,POPT0.75,POPT0.8,POPT0.85,POPT0.9,POPT0.95,POPT1
chart2_all.csv-->chart3_all.csv,0.018092772,0.032796667,0.0088381,0,0,0,0,0.088888889,0,0,0,0,0.000167926,0,0,0,0,0.022222222,0,0,0,0,0.000333333,0,0.881481481,0.807407407,0.937037037,0.491711248,0.992592593,0.017723881,-1,-1,-1,-1.024197183,0,0,0,0,0,0,0,0,0,0,0,0,0,0,0.004841137,0.021680751,0.036355676,0.055663118,0.083979757,0.119867444,0.156300504,-0.045458501,-0.068565429,-0.096423298,-0.12664396,-0.158893151,-0.193196855,-0.229682005,-0.268525718,-0.309942926,-0.35418486,-0.401541871,-0.452348768,-0.506992237,-0.558339602,-0.594323037,-0.637046079,-0.675344814,-0.700478098,-0.713323815,-0.726372452,0,0,0,NaN,0,0,0,0,0,0,0,0,0,0,0,0,0,0.004841137,0.021680751,0.036355676,0.055663118,0.083979757,0.119084655,0.136813774
