,P.BPP,P.BCE,P.MFM,P.0.5,TP.BPP,TP.BCE,TP.MFM,TP.AVG,TP.0.5,P.BPP,P.BCE,P.MFM,P.AVG,P.0.5,R.BPP,R.BCE,R.MFM,R.AVG,R.0.5,F.BPP,F.BCE,F.MFM,F.AVG,F.0.5,ACC.BPP,ACC.BCE,ACC.MFM,ACC.AVG,ACC.0.5,AUC,ER.BPP,ER.BCE,ER.MFM,ER.AVG,ER.0.5,AR0.05,AR0.1,AR0.15,AR0.2,AR0.25,AR0.3,AR0.35,AR0.4,AR0.45,AR0.5,AR0.55,AR0.6,AR0.65,AR0.7,AR0.75,AR0.8,AR0.85,AR0.9,AR0.95,AR1,CE0.05,CE0.1,CE0.15,CE0.2,CE0.25,CE0.3,CE0.35,CE0.4,CE0.45,CE0.5,CE0.55,CE0.6,CE0.65,CE0.7,CE0.75,CE0.8,CE0.85,CE0.9,CE0.95,CE1,POPT_BPP,POPT_BCE,POPT_MFM,POPT_0.5,POPT0.05,POPT0.1,POPT0.15,POPT0.2,POPT0.25,POPT0.3,POPT0.35,POPT0.4,POPT0.45,POPT0.5,POPT0.55,POPT0.6,POPT0.65,POPT0.7,POPT0.75,POPT0.8,POPT0.85,POPT0.9,POPT0.95,POPT1
chart2_all.csv-->chart3_all.csv,0.184586805,0.181434362,0.059930196,0,1,1,1,2.142592593,0,0.004761905,0.004807692,0.010638298,0.007151125,0,0.25,0.25,0.25,0.535648148,0,0.009345794,0.009433962,0.020408163,0.01404012,0,0.607407407,0.611111111,0.822222222,0.499406722,0.992592593,0.534981343,0.261652781,0.274262553,0.760279216,0.237182775,0,0.125814492,0.206830537,0.223703753,0.233867535,0.290454638,0.328153088,0.354407199,0.397192938,0.438416128,0.471013831,0.497436827,0.519287762,0.544566394,0.578156756,0.607132569,0.632383616,0.654584736,0.674257034,0.691809296,0.707566706,0.086075329,0.152446532,0.148850708,0.136841486,0.17771274,0.198354378,0.20612615,0.235323739,0.26435718,0.283654939,0.29563667,0.301838173,0.313665091,0.339427042,0.359761554,0.375490578,0.387199969,0.395298539,0.400055742,0.401624886,0.229300356,0.228890871,0.160759411,NaN,0.125814492,0.206830537,0.223703753,0.233867535,0.290454638,0.328153088,0.354407199,0.397192938,0.438416128,0.471013831,0.497436827,0.519287762,0.544566394,0.578156756,0.607132569,0.632383616,0.654584736,0.674257034,0.691535191,0.700812443
