,P.BPP,P.BCE,P.MFM,P.0.5,TP.BPP,TP.BCE,TP.MFM,TP.AVG,TP.0.5,P.BPP,P.BCE,P.MFM,P.AVG,P.0.5,R.BPP,R.BCE,R.MFM,R.AVG,R.0.5,F.BPP,F.BCE,F.MFM,F.AVG,F.0.5,ACC.BPP,ACC.BCE,ACC.MFM,ACC.AVG,ACC.0.5,AUC,ER.BPP,ER.BCE,ER.MFM,ER.AVG,ER.0.5,AR0.05,AR0.1,AR0.15,AR0.2,AR0.25,AR0.3,AR0.35,AR0.4,AR0.45,AR0.5,AR0.55,AR0.6,AR0.65,AR0.7,AR0.75,AR0.8,AR0.85,AR0.9,AR0.95,AR1,CE0.05,CE0.1,CE0.15,CE0.2,CE0.25,CE0.3,CE0.35,CE0.4,CE0.45,CE0.5,CE0.55,CE0.6,CE0.65,CE0.7,CE0.75,CE0.8,CE0.85,CE0.9,CE0.95,CE1,POPT_BPP,POPT_BCE,POPT_MFM,POPT_0.5,POPT0.05,POPT0.1,POPT0.15,POPT0.2,POPT0.25,POPT0.3,POPT0.35,POPT0.4,POPT0.45,POPT0.5,POPT0.55,POPT0.6,POPT0.65,POPT0.7,POPT0.75,POPT0.8,POPT0.85,POPT0.9,POPT0.95,POPT1
chart2_all.csv-->chart3_all.csv,0.099741049,0.106867823,0.050213916,0,1,1,0,1.862962963,0,0.009615385,0.008196721,0,0.007297896,0,0.25,0.25,0,0.465740741,0,0.018518519,0.015873016,0,0.014198873,0,0.803703704,0.77037037,0.940740741,0.486155693,0.992592593,0.42863806,0.601035803,0.57252871,-1,0.254835372,0,0,0.146219003,0.186782842,0.223843187,0.284286182,0.323094374,0.350068023,0.369904333,0.385105158,0.397125382,0.406868717,0.414926129,0.421700357,0.427475322,0.432456939,0.436798182,0.440615072,0.443997198,0.44701484,0.45561563,-0.045458501,0.087679143,0.108369761,0.125547614,0.170564158,0.192318336,0.200790344,0.200707442,0.194522852,0.18359632,0.168701672,0.150268684,0.128506927,0.103471906,0.075100508,0.043228601,0.007597123,-0.03215032,-0.076477216,-0.113915776,0.145872973,0.154624973,0,NaN,0,0.146219003,0.186782842,0.223843187,0.284286182,0.323094374,0.350068023,0.369904333,0.385105158,0.397125382,0.406868717,0.414926129,0.421700357,0.427475322,0.432456939,0.436798182,0.450671354,0.467718898,0.482469389,0.494494881
