"Estimate","Std. Error","z value","Pr(>|z|)"
"(Intercept)",-4.91724781165983,0.772698105809799,-6.3637373699868,1.96902709754536e-10
"SLOC",0.00166809342159887,0.000926789451599096,1.79986232981042,0.0718823790859545
"CBO",0.0957470518863032,0.0567601685925029,1.68687046322392,0.0916282626778254
"changedsloc",0.0585886736905352,0.031509274043951,1.85941045829276,0.0629689805289204
