"Estimate","Std. Error","z value","Pr(>|z|)"
"(Intercept)",-5.62454478674783,0.756324259127365,-7.43668435710014,1.03243845912277e-13
"WMC",0.0193238065589742,0.00607547010108458,3.1806273814967,0.0014695651608721
"CBO",0.163428167691274,0.0506802489578593,3.22469149327116,0.00126108485675822
"DIT",-0.745444166867159,0.276119077932415,-2.69971989059597,0.00693978781786994
