version, Attr, sigAttr,Residual.deviance, df.residual, null.deviance, df.null, AIC, iter, theta, std.err, 2loglik
time2.0_all.csv,2,2,51.4390303236279,131,60.6069611681944,133,57.4390303236279,6,,, 
time2.1_all.csv,3,1,71.2119015709946,263,91.7062360106331,266,79.2119015709946,7,,, 
time2.2_all.csv,4,4,95.1227484580815,391,127.625425433936,395,105.122748458082,7,,, 
time2.3_all.csv,3,4,112.082741628331,525,157.082656433633,528,120.082741628331,8,,, 
