"","lr","naivebayes","rf","cart","j48","svm"
"time2.0_all.csv",0.784391534391534,0.552843915343915,0.75271164021164,0.56005291005291,0.516269841269841,0.438690476190476
"time2.1_all.csv",0.871850775193798,0.531972339675828,0.862658562367865,0.710517970401691,0.554281183932347,0.36774577167019
"time2.2_all.csv",0.839318014027316,0.614825581395349,0.664885566629753,0.625295311923219,0.498634182355113,0.305980066445183
"time2.3_all.csv",0.645454545454546,0.598757928118393,0.819053911205074,0.58079193093728,0.517142353770261,0.299982381959126
"time2.4_all.csv",0.840636011275546,0.531844608879493,0.637024312896406,0.568296335447498,0.49922480620155,0.280893234672304
