"","lr","naivebayes","rf","cart","j48","svm"
"time2.0_all.csv",0.175651574001556,-0.265426656043075,0.083024119618764,-0.649032472047746,-0.870605190502257,-0.154907304372339
"time2.1_all.csv",0.404819470339438,-0.182035588470228,0.378996685860706,-0.20001316565957,-0.790676331228959,-0.704339439331259
"time2.2_all.csv",0.229369422482047,-0.0507860881240251,-0.222089920057133,-0.465972975866822,-0.979954363947519,-0.977882538966013
"time2.3_all.csv",0.0940760376918676,-0.0232376315146706,0.321138234896999,-0.54723381572483,-0.838772735491001,-1
"time2.4_all.csv",0.267742302866683,-0.385221785969405,-0.10520642415727,-0.756429474639682,-0.981496043881365,-0.579400615309813
