"Estimate","Std. Error","z value","Pr(>|z|)"
"(Intercept)",-0.54378887953711,0.360601125792372,-1.50800660519905,0.131552836509041
"CBO",-0.226734859954848,0.105573631204528,-2.14764669328834,0.0317418330765137
"X.WMC",2.09950660150024,0.796901699243874,2.6345866792508,0.00842397920653563
"X.added",1.77140167798067,0.98314576502441,1.80176911806836,0.0715817383701282
