"Estimate","Std. Error","z value","Pr(>|z|)"
"(Intercept)",-176.471033545482,62253.2283679995,-0.00283472902806427,0.997738216503613
"SLOC",0.402582969342161,148.299973965501,0.00271465300078754,0.997834022943039
"changedsloc",5.26226627960827,2313.29770225578,0.00227478991332454,0.998184981814441
