"Estimate","Std. Error","z value","Pr(>|z|)"
"(Intercept)",-29.4045053027414,54265.577167264,-0.000541862942176166,0.999567655945524
"WMC",0.0949098461013231,337.239518512073,0.000281431566858097,0.999775450100846
