version, Attr, sigAttr,Residual.deviance, df.residual, null.deviance, df.null, AIC, iter, theta, std.err, 2loglik
lang2.2_all.csv,1,2,37.200273143999,71,54.5200013455752,72,41.200273143999,7,,, 
lang2.3_all.csv,1,2,38.8167969760952,82,43.2295316113637,83,42.8167969760951,5,,, 
lang2.4_all.csv,2,0,1.52203369661975e-08,69,58.0235555328397,71,6.00000001522034,25,,, 
lang2.5_all.csv,1,0,3.54995588470685e-10,49,9.84391399506663,50,4.00000000035499,25,,, 
lang3.0_all.csv,2,3,43.1943425396282,91,59.338663071355,93,49.1943425396282,5,,, 
