"","lr","rf","cart","j48","naivebayes","svm"
"lang2.2",0.421045795659736,0.942917218938036,0.987497404494055,0.987497404494055,0.270264730611511,0.464035080754827
"lang2.3",0.0850714880630024,0.98895107787713,-0.13520859826347,1,-0.0722751250172952,0.717448727570654
"lang2.4",0.298465670076277,0.886805744536912,0.97961635945601,0.97961635945601,0.0667252656327737,0.623298928253969
"lang2.5",1,0.931900160231949,-1,0.803479689952774,-0.274508359935392,-0.0130842266215108
"lang3.0",0.0344168112849996,0.932347018922888,0.974671498795688,0.974671498795688,0.478368695657218,0.641418502098093
"lang3.1",0.376480729029556,0.927355774960207,0.974093906891833,0.974093906891833,0.593220584678659,0.503669485117922
