model.type,BPP,BCE,MFM
lr,8.78E-05,0.000321323,8.78E-05
rf,0.000161567,0.000161567,0.000103086
cart,0.00010929,0.000113033,0.00010929
j48,0.00010929,0.000110278,0.00010929
naivebayes,7.02E-45,2.82E-66,7.02E-45
svm,0.000296018,0.000282533,7.43E-05
