,P.BPP,P.BCE,P.MFM,P.0.5,TP.BPP,TP.BCE,TP.MFM,TP.AVG,TP.0.5,P.BPP,P.BCE,P.MFM,P.AVG,P.0.5,R.BPP,R.BCE,R.MFM,R.AVG,R.0.5,F.BPP,F.BCE,F.MFM,F.AVG,F.0.5,ACC.BPP,ACC.BCE,ACC.MFM,ACC.AVG,ACC.0.5,AUC,ER.BPP,ER.BCE,ER.MFM,ER.AVG,ER.0.5,AR0.05,AR0.1,AR0.15,AR0.2,AR0.25,AR0.3,AR0.35,AR0.4,AR0.45,AR0.5,AR0.55,AR0.6,AR0.65,AR0.7,AR0.75,AR0.8,AR0.85,AR0.9,AR0.95,AR1,CE0.05,CE0.1,CE0.15,CE0.2,CE0.25,CE0.3,CE0.35,CE0.4,CE0.45,CE0.5,CE0.55,CE0.6,CE0.65,CE0.7,CE0.75,CE0.8,CE0.85,CE0.9,CE0.95,CE1,POPT_BPP,POPT_BCE,POPT_MFM,POPT_0.5,POPT0.05,POPT0.1,POPT0.15,POPT0.2,POPT0.25,POPT0.3,POPT0.35,POPT0.4,POPT0.45,POPT0.5,POPT0.55,POPT0.6,POPT0.65,POPT0.7,POPT0.75,POPT0.8,POPT0.85,POPT0.9,POPT0.95,POPT1
chart2_all.csv-->chart3_all.csv,0.211348795,0.175478496,0.077572619,0,1,1,1,3.644444444,0,0.019230769,0.020408163,0.029411765,0.007693188,0,0.25,0.25,0.25,0.911111111,0,0.035714286,0.037735849,0.052631579,0.015111148,0,0.9,0.905555556,0.933333333,0.100991084,0.992592593,0.687033582,0.154604819,0.298086017,0.689709525,-0.040590499,0,0,0.096010403,0.156198774,0.182558829,0.221663075,0.271737534,0.306541807,0.332136726,0.351750448,0.36726022,0.379832108,0.390228638,0.398969467,0.406420942,0.412848755,0.418450289,0.423375246,0.427739225,0.431632908,0.441020158,-0.045458501,0.034027968,0.074836677,0.079034842,0.097990669,0.131039516,0.147266939,0.152798261,0.150830085,0.14315337,0.130808731,0.114399314,0.094251653,0.070502422,0.043145929,0.012059064,-0.022987993,-0.062331233,-0.106420694,-0.143780938,0.186602622,0.171778241,0.033778815,NaN,0,0.096010403,0.156198774,0.182558829,0.221663075,0.271737534,0.306541807,0.332136726,0.351750448,0.36726022,0.379832108,0.393029083,0.421453818,0.445685637,0.466588559,0.484804463,0.500820175,0.51808944,0.543651086,0.557376035
