,P.BPP,P.BCE,P.MFM,P.0.5,TP.BPP,TP.BCE,TP.MFM,TP.AVG,TP.0.5,P.BPP,P.BCE,P.MFM,P.AVG,P.0.5,R.BPP,R.BCE,R.MFM,R.AVG,R.0.5,F.BPP,F.BCE,F.MFM,F.AVG,F.0.5,ACC.BPP,ACC.BCE,ACC.MFM,ACC.AVG,ACC.0.5,AUC,ER.BPP,ER.BCE,ER.MFM,ER.AVG,ER.0.5,AR0.05,AR0.1,AR0.15,AR0.2,AR0.25,AR0.3,AR0.35,AR0.4,AR0.45,AR0.5,AR0.55,AR0.6,AR0.65,AR0.7,AR0.75,AR0.8,AR0.85,AR0.9,AR0.95,AR1,CE0.05,CE0.1,CE0.15,CE0.2,CE0.25,CE0.3,CE0.35,CE0.4,CE0.45,CE0.5,CE0.55,CE0.6,CE0.65,CE0.7,CE0.75,CE0.8,CE0.85,CE0.9,CE0.95,CE1,POPT_BPP,POPT_BCE,POPT_MFM,POPT_0.5,POPT0.05,POPT0.1,POPT0.15,POPT0.2,POPT0.25,POPT0.3,POPT0.35,POPT0.4,POPT0.45,POPT0.5,POPT0.55,POPT0.6,POPT0.65,POPT0.7,POPT0.75,POPT0.8,POPT0.85,POPT0.9,POPT0.95,POPT1
chart2_all.csv-->chart3_all.csv,0.147838325,0.147061473,0.02809052,0,1,1,0,2.740740741,0,0.009803922,0.00990099,0,0.009396212,0,0.25,0.25,0,0.685185185,0,0.018867925,0.019047619,0,0.018444296,0,0.807407407,0.809259259,0.942592593,0.488655693,0.992592593,0.685634328,0.408646701,0.411754109,-1,0.102714187,0,0,0.088027597,0.151336128,0.179062685,0.194624366,0.229363838,0.270629031,0.300975285,0.324927446,0.368640551,0.425188139,0.47491897,0.516729908,0.552373341,0.58312018,0.609914592,0.633472664,0.654347349,0.67297242,0.689692937,-0.045458501,0.025497817,0.069505158,0.075095933,0.066655695,0.080479355,0.103105645,0.113269171,0.115693484,0.145022593,0.194377109,0.237399212,0.271715722,0.299052266,0.320629639,0.337320034,0.349745114,0.358338675,0.363386642,0.365051694,0.149640223,0.149016429,0,NaN,0,0.088027597,0.151336128,0.179062685,0.194624366,0.229363838,0.270629031,0.300975285,0.324927446,0.368640551,0.425188139,0.47491897,0.516729908,0.552373341,0.58312018,0.609914592,0.633472664,0.654347349,0.672681562,0.682525847
