,P.BPP,P.BCE,P.MFM,P.0.5,TP.BPP,TP.BCE,TP.MFM,TP.AVG,TP.0.5,P.BPP,P.BCE,P.MFM,P.AVG,P.0.5,R.BPP,R.BCE,R.MFM,R.AVG,R.0.5,F.BPP,F.BCE,F.MFM,F.AVG,F.0.5,ACC.BPP,ACC.BCE,ACC.MFM,ACC.AVG,ACC.0.5,AUC,ER.BPP,ER.BCE,ER.MFM,ER.AVG,ER.0.5,AR0.05,AR0.1,AR0.15,AR0.2,AR0.25,AR0.3,AR0.35,AR0.4,AR0.45,AR0.5,AR0.55,AR0.6,AR0.65,AR0.7,AR0.75,AR0.8,AR0.85,AR0.9,AR0.95,AR1,CE0.05,CE0.1,CE0.15,CE0.2,CE0.25,CE0.3,CE0.35,CE0.4,CE0.45,CE0.5,CE0.55,CE0.6,CE0.65,CE0.7,CE0.75,CE0.8,CE0.85,CE0.9,CE0.95,CE1,POPT_BPP,POPT_BCE,POPT_MFM,POPT_0.5,POPT0.05,POPT0.1,POPT0.15,POPT0.2,POPT0.25,POPT0.3,POPT0.35,POPT0.4,POPT0.45,POPT0.5,POPT0.55,POPT0.6,POPT0.65,POPT0.7,POPT0.75,POPT0.8,POPT0.85,POPT0.9,POPT0.95,POPT1
chart2_all.csv-->chart3_all.csv,0.64699392,0.638639946,0.526221572,0,4,4,4,3.468518519,0,0.022727273,0.024096386,0.042553191,0.015054083,0,1,1,1,0.86712963,0,0.044444444,0.047058824,0.081632653,0.029386524,0,0.681481481,0.7,0.833333333,0.504444444,0.992592593,0.868936567,0.35300608,0.361360054,0.473778428,0.102125362,0,0,0,0,0.027019972,0.075935611,0.107250824,0.144921441,0.193061105,0.257056879,0.312353759,0.376563829,0.430501474,0.475849271,0.514507842,0.547855609,0.576916606,0.602467495,0.625108004,0.645308602,0.663443536,-0.045458501,-0.068565429,-0.096423298,-0.096202071,-0.070891891,-0.065225509,-0.051474717,-0.023622741,0.026786914,0.068799872,0.126228102,0.172889518,0.21010892,0.239757907,0.263160548,0.281262812,0.29473895,0.304059455,0.309534438,0.31134034,0.473327913,0.466191895,0.347158909,NaN,0,0,0,0.027019972,0.075935611,0.107250824,0.144921441,0.193061105,0.257056879,0.312353759,0.376563829,0.430501474,0.475849271,0.514507842,0.547855609,0.576916606,0.602467495,0.625108004,0.64499314,0.65567017
