model.type,train.version,BPP,BCE,MFM
lr,1,0.000492372,0.000511247,0.000856916
rf,1,0.000454402,0.000461538,0.002029412
cart,1,0.000249066,0.000273,0.001188354
j48,1,0.000527148,0.000460526,0.001782531
naivebayes,1,5.91E-07,6.43E-07,0.000109651
svm,1,0.001782531,0.001124227,0.0028169
