"Estimate","Std. Error","z value","Pr(>|z|)"
"(Intercept)",-4.29016734055857,0.519753261053304,-8.254238428181,1.52873896251831e-16
"SLOC",0.00239892377470433,0.000835203469762986,2.87226270190796,0.00407544025023966
"deletedsloc",0.425711227668313,0.338241942536052,1.2585997599128,0.208174933803559
"X.deleted",-32.5126819590728,81.2382803825304,-0.400213813069145,0.688999041576754
"X.changed",18.3946778205533,7.62247402603685,2.41321620220951,0.0158124367780937
