"Estimate","Std. Error","z value","Pr(>|z|)"
"(Intercept)",-6.02093270925974,0.685365370867583,-8.78499697415121,1.56368746008126e-18
"SLOC",0.00161968784079708,0.00066711351402083,2.42790440720484,0.0151863454189603
"CBO",0.111488935034033,0.0264800839361542,4.21029386851047,2.55038728799268e-05
