version, Attr, sigAttr,Residual.deviance, df.residual, null.deviance, df.null, AIC, iter, theta, std.err, 2loglik
time2.0_all.csv,2,2,51.6356697737859,131,60.6069611681944,133,57.6356697737859,6,,, 
time2.1_all.csv,4,3,71.6557877954616,262,97.9086159600239,266,81.6557877954616,9,,, 
time2.2_all.csv,6,3,70.426446216237,379,113.720264878563,385,84.426446216237,7,,, 
time2.3_all.csv,2,3,97.326826989632,508,135.404895843992,510,103.326826989632,7,,, 
