"","lr","naivebayes","rf","cart","j48","svm"
"time2.1_all.csv",0.00774951719603894,-0.250458150141759,0.473328676500801,-0.0993959814274561,-0.25611209269836,-0.257673501253236
"time2.2_all.csv",-0.0101715225236523,-0.316808092630523,0.329167189176385,-0.458331591634271,-0.52694060109518,-0.181248171215985
"time2.3_all.csv",0.578366116061726,-0.539312106063899,0.519859813084112,0.302801021517061,-0.199970115192349,0.0865980221690938
"time2.4_all.csv",-0.196722777367939,0.185310620794492,-0.261115954664342,-0.229070261328326,-0.444224621643977,-0.0243779759908792
