"","lr","naivebayes","rf","cart","j48","svm"
"time2.1_all.csv",0.00774951719603894,-0.250458150141759,0.391461560586761,-0.0993959814274561,-0.25611209269836,-0.237391625919382
"time2.2_all.csv",-0.0101715225236523,-0.316808092630523,0.265741476124789,-0.458331591634271,-0.52694060109518,-0.172762613384609
"time2.3_all.csv",0.57012062595088,-0.144574549011085,0.483780699847859,-0.68123777439687,-0.214980439034992,0.106702347315801
"time2.4_all.csv",-0.162162162162162,0.171081751726913,-0.243679163034002,-0.220754253012318,-0.0867368609304093,-0.0363825363825364
