model.type, BPP, BCE, MFM
lr,0.000390531,0.000437627,0.000216667
rf,0.000734308,0.000617647,0.001428571
cart,0.000425778,0.000446867,0.000425778
j48,0.001064963,0.000480157,0.003367003
naivebayes,6.57E-06,6.24E-06,7.21E-05
svm,0.000592979,0.000718067,0.000592979
