"Estimate","Std. Error","z value","Pr(>|z|)"
"(Intercept)",-3.48488117225298,0.603517668875882,-5.77428193402184,7.7281943506194e-09
"SLOC",0.0186124207315962,0.00731076464952328,2.54589247826626,0.0108998756095054
"WMC",-0.0563564657572138,0.0246666313157229,-2.28472485909704,0.0223289660361165
