"","CE0.1","CE0.2","CE0.5","CE1","POPT_BCE","POPT_BPP","POPT_MFM","POPT_0.5","POPT0.1","POPT0.2","POPT0.5","POPT1"
"svm",0.0542024202,0.0635972,0.1104940504,0.121787106666667,0.192492186733333,0.240453715866667,0.191722705066667,NA,0.158622409266667,0.209947915133333,0.375629255466667,0.560893553466667
"cart",-0.0838235278666667,-0.0529685582666667,-0.0626642697333333,-0.409441905066667,0.131912134733333,0.1432803916,0.131294950866667,NA,0.0328436264,0.105747138266667,0.270958543866667,0.4737303206
"rf",0.0209106921333333,0.0218401822,0.0426654359333333,0.0613458937333333,0.197431966666667,0.213888757266667,0.130654275533333,NA,0.127465920666667,0.171183746733333,0.3230282636,0.5316547886
"naivebayes",0.0845746021333333,0.0692052396,0.0656014886,0.0271942497333333,0.2362379714,0.256692853866667,0.3286655922,NA,0.186090530733333,0.213833822333333,0.342744140933333,0.5167053174
"j48",-0.00648910153333333,0.0225879998666667,0.0248812398666667,-0.00710345253333334,0.176988814066667,0.143459697066667,0.160268750866667,NA,0.1019390988,0.170659852266667,0.310105068533333,0.5278166214
