"","CE0.1","CE0.2","CE0.5","CE1","POPT0.1","POPT0.2","POPT0.5","POPT1"
"lm",0.0735522187333333,0.0722951438666667,0.113520909933333,0.135610337733333,0.170865744466667,0.2118684444,0.374261298733333,0.567805168933333
"svm",0.0952164775333333,0.0827071186,0.119697051066667,0.107655589733333,0.1954244114,0.2251555262,0.3796915262,0.553827794666667
"cart",-0.0786073686,-0.0455099818666667,-0.0923450601333333,-0.442574007,0.0376234322,0.111996836066667,0.247709370666667,0.4385040072
"rf",0.0309847458,0.045607438,0.037540667,0.0491636947333333,0.136499901533333,0.1909259272,0.319246934133333,0.524581847333333
