"Estimate","Std. Error","z value","Pr(>|z|)"
"(Intercept)",-9.92596248659304,5.54782355124807,-1.789163334937,0.0735885146075446
"SLOC",0.00639660884894232,0.00502813016307978,1.27216453064619,0.20331466709688
"changedsloc",0.753774121465853,0.416340972810902,1.8104730754141,0.0702224560300689
