"Estimate","Std. Error","z value","Pr(>|z|)"
"(Intercept)",-6.75748385887429,1.52453044153707,-4.4325017557939,9.31459437631972e-06
"CBO",0.184672714889782,0.0575132091724255,3.21096175204083,0.00132291541323916
