version, Attr, sigAttr,Residual.deviance, df.residual, null.deviance, df.null, AIC, iter, theta, std.err, 2loglik
time2.0_all.csv,2,2,51.6356697737859,131,60.6069611681944,133,57.6356697737859,6,,, 
time2.1_all.csv,2,0,11.0811674661362,131,35.9717543794337,133,17.0811674661362,10,,, 
time2.2_all.csv,1,2,39.5241287550597,132,49.0002051926856,133,43.5241287550597,6,,, 
time2.3_all.csv,1,2,26.2438058593691,133,42.7708539355835,134,30.2438058593691,7,,, 
