"Estimate","Std. Error","z value","Pr(>|z|)"
"(Intercept)",-2.79589887235398,0.521380154805555,-5.36249576548746,8.20798932507339e-08
"SLOC",0.0025934565711969,0.00104736167793429,2.47618050749381,0.0132796419768069
"WMC",0.0383923873933883,0.00973190838934089,3.94500090397876,7.97996775657806e-05
"RFC",-0.00388693132299859,0.00217425020153863,-1.78771114761676,0.0738226222811273
"NOC",-0.692532096001238,0.394019333039932,-1.75760943164444,0.0788139874453494
"delta_WMC",2.73955585834605,0.568717854383977,4.81707376905457,1.45678841209385e-06
