version, Attr, sigAttr,Residual.deviance, df.residual, null.deviance, df.null, AIC, iter, theta, std.err, 2loglik
time2.0_all.csv,9,9,204.934076062983,244,352.05577299453,253,224.934076062983,7,,, 
time2.1_all.csv,6,7,89.5350955308769,259,368.618950233206,265,103.535095530877,8,,, 
time2.2_all.csv,5,4,155.56040563922,260,368.017117389486,265,167.56040563922,7,,, 
time2.3_all.csv,5,6,129.126118759227,256,363.148051538517,261,141.126118759227,8,,, 
