"Estimate","Std. Error","z value","Pr(>|z|)"
"(Intercept)",-6.46549620450284,1.73813332767883,-3.71979301100975,0.000199386114787994
"CBO",0.234364904918248,0.104701938568836,2.23840081780496,0.0251949287573968
"changedsloc",0.495307036419837,0.252367239530661,1.96264395228549,0.049687559856774
"churnsloc",-0.113318315412175,0.100802165332944,-1.12416548828977,0.260942827365645
