"","lm","svm","cart","rf","avg_c"
"module_time2.1_all.csv",-0.387154526127336,-0.259650889560255,-0.259650889560255,-0.291316996755063,-0.299443325500727
"module_time2.2_all.csv",0.124748318553742,-0.504947950134944,-0.247911579488497,-0.341901212354881,-0.242503105856145
"module_time2.3_all.csv",-0.499383896324623,-0.382834076906734,-0.245549182069259,-0.811982154238369,-0.484937327384746
"module_time2.4_all.csv",0.341203549689357,-1,0.872596002553475,0.100475629602323,0.0785687954612888
"avg",-0.105146638552215,-0.536858229150483,0.029871087858866,-0.336181183436497,-0.237078740820082
