"Estimate","Std. Error","z value","Pr(>|z|)"
"(Intercept)",-3.82503923538177,0.941424876387681,-4.06303182688217,4.84394219438344e-05
"SLOC",0.00995536081563752,0.00306904185349244,3.24380092904524,0.00117946147041617
"X.RFC",-2.63937437941691,1.70502185243884,-1.5480003236566,0.121622218586967
