"","lm","rf","cart","svm"
"2.math1.2R_all.csv",-0.282800732063187,0.304050805859879,-0.707707748230988,-0.0671153505553728
"3.math2.0_all.csv",-0.0600164710726786,0.0689726168416718,-0.0299132101170397,-0.0247026496254414
"4.math2.1_all.csv",0.275870312540347,0.304006523855972,0.189535008667099,-0.0832999449403882
"5.math3.0_all.csv",0.281945596914423,0.197380659266242,0.194380637668316,-0.100274990368022
"6.math3.1_all.csv",-0.093214758980547,0.304003812892757,0.149262078522449,0.592048024816863
"7.math3.1.1_all.csv",0.0590699379944851,0.46197941160019,0.26786879608203,-0.0859127530821485
"8.math3.2_all.csv",0.322874860064943,-0.0259235713781168,0.260021276550202,0.155124031157089
