"","lr","naivebayes","rf","cart","j48","svm"
"time2.0_all.csv",0.138022760975339,-0.101483248155883,0.0618039928170357,-0.542920211875065,-0.285417459615065,-0.00177738276243817
"time2.1_all.csv",0.5590326396058,0.242280659682252,0.657151859593027,0.0345175296329266,-0.672370310216982,-0.27434358440294
"time2.2_all.csv",0.0918879056761726,-0.304421545194389,-0.0696594880939129,-0.539832005580557,-0.348210828202275,-0.195551458033563
"time2.3_all.csv",0.695224658060177,-0.164535913787079,0.497738518586088,-0.460753679398308,-0.112271175044493,-0.179946268957917
"time2.4_all.csv",-0.0232624734366294,-0.274160201575619,-0.0747015957421484,-0.366287465196247,-0.0948634276971586,0.0457566399075606
