"","lr","naivebayes","rf","cart","j48","svm"
"time2.0_all.csv",0.45515873015873,0.347089947089947,0.582275132275132,0.553835978835979,0.278571428571429,0.222354497354497
"time2.1_all.csv",0.831426180408739,0.646687808315715,0.853501585623679,0.738261980267794,0.424845842142354,0.223044397463002
"time2.2_all.csv",0.41016057585825,0.317386489479513,0.678811369509044,0.564114987080103,0.142118863049096,0.139156515319306
"time2.3_all.csv",0.865636011275546,0.358038231148696,0.804858174770965,0.576686927413672,0.357906095842142,0.141578576462297
"time2.4_all.csv",0.291014799154334,0.36631430584919,0.589398343904158,0.634720754052149,0.232227801268499,0.209874911909796
