"Estimate","Std. Error","z value","Pr(>|z|)"
"(Intercept)",-6.59043344506504,0.985453416754681,-6.6877168753129,2.26679138640469e-11
"WMC",0.0275854152413359,0.00753501849016397,3.66096185130073,0.000251270173582213
"CBO",0.11426509185071,0.0550904073168134,2.07413772044914,0.0380665222652671
