version, Attr, sigAttr,Residual.deviance, df.residual, null.deviance, df.null, AIC, iter, theta, std.err, 2loglik
time2.0_all.csv,2,2,51.4390303236279,131,60.6069611681944,133,57.4390303236279,6,,, 
time2.1_all.csv,3,1,71.2119015709946,263,91.7062360106331,266,79.2119015709946,7,,, 
time2.2_all.csv,2,3,70.7367775257502,382,99.9003349339599,384,76.7367775257502,7,,, 
time2.3_all.csv,3,4,64.1649694080262,504,113.608071833698,507,72.1649694080262,9,,, 
