model.type, BPP, BCE, MFM
lr,0.000473905,0.000527941,0.000383418
rf,0.00048353,0.000555556,0.001203175
cart,0.000351062,0.000465875,0.000351062
j48,0.000465549,0.000561167,0.001745201
naivebayes,0.001154075,0.00137011,1.40E-05
svm,0.000709477,0.000698817,0.001465463
