"Estimate","Std. Error","z value","Pr(>|z|)"
"(Intercept)",-332.806675927894,366420.405390472,-0.000908264580880101,0.99927530981343
"avg_WMC",11.136696153411,7327.17686079778,0.00151991638321099,0.99878728265105
"avg_CBO",97.9943239920139,88073.7392888325,0.00111263953118474,0.999112242279498
"avg_LCOM5",-148.584245228969,168456.770978589,-0.000882031896763915,0.999296240458688
"avg_NOC",-969.822623475454,747348.116285073,-0.00129768524512547,0.998964597268734
"avg_X.WMC",409.494112818398,584789.87383329,0.000700241456190356,0.999441288198931
