"Estimate","Std. Error","z value","Pr(>|z|)"
"(Intercept)",215.880645992911,196298.911602535,0.00109975467632762,0.999122522899966
"avg_NOC",-309.7676908448,283019.144022455,-0.00109451143990536,0.999126706394838
"avg_delta_LCOM5",3500.72315968471,5357781.32750346,0.000653390451326226,0.999478669883805
"avg_delta_NOC",4582.66852771885,4393773.68560608,0.00104299148195356,0.99916781335038
"avg_X.CBO",-2278.99069919031,2394439.7218275,-0.000951784535820735,0.999240585928316
