"Estimate","Std. Error","z value","Pr(>|z|)"
"(Intercept)",-3.38073206875389,1.73084380238198,-1.95322770552799,0.0507926195297103
"avg_SLOC",0.00807140633057507,0.00464850485885861,1.73634460447932,0.0825029208177698
"avg_CBO",0.376613178304982,0.233488015009047,1.61298719461206,0.106747289873432
