,lm,svm,cart,rf,avg_cec
1,-0.307832003,0.758260541,-0.64466321,0.556276861,0.090510547
2,0.475014984,0.629204243,0.188269239,0.754429004,0.511729367
3,0.5633644,0.249504117,0.187742847,0.619800016,0.405102845
4,-0.112101463,0.040717968,-0.27342079,0.00853899,-0.084066324
avg,0.154611479,0.419421717,-0.135517978,0.484761217,
