,lm,svm,cart,rf,avg_poptc
1,0.346083998,0.87913027,0.604118561,0.77813843,0.651867815
2,0.737507492,0.814602121,0.607731765,0.877214502,0.75926397
3,0.7816822,0.624752058,0.593871424,0.809900008,0.702551422
4,0.443949269,0.520358984,0.363289605,0.504269495,0.457966838
avg,0.57730574,0.709710858,0.542252839,0.742380609,
