"","lr","naivebayes","rf","cart","j48","svm"
"2.lang2.3_all.csv",0.515822784810127,0.487341772151899,0.429324894514768,0.505274261603376,0.487341772151899,0.421940928270042
"3.lang2.4_all.csv",0.866153846153846,0.442564102564103,0.792307692307692,0.578461538461538,0.5,0.498974358974359
"4.lang2.5_all.csv",0.783333333333333,0.695833333333333,0.852083333333333,0.720833333333333,0.5,0.354166666666667
"5.lang3.0b_all.csv",0.882936507936508,0.732142857142857,0.841269841269841,0.744047619047619,0.903769841269841,0.648809523809524
"6.lang3.0_all.csv",0.830555555555556,0.579166666666667,0.702777777777778,0.705555555555556,0.430555555555556,0.891666666666667
"7.lang3.0.1_all.csv",0.97979797979798,0.929292929292929,0.919191919191919,0.929292929292929,0.96969696969697,0.898989898989899
"8.lang3.1_all.csv",0.747252747252747,0.605494505494505,0.626373626373626,0.504395604395604,0.629120879120879,0.647252747252747
