"Estimate","Std. Error","z value","Pr(>|z|)"
"(Intercept)",-2.32805205860747,0.340637086757477,-6.83440573299926,8.23456623707977e-12
"SLOC",0.00678919636878892,0.0013764812051498,4.93228410485277,8.12735883040518e-07
"RFC",-0.0387106707383032,0.0106317087943932,-3.64105822374649,0.000271519717957808
"changedsloc",0.0298471778426955,0.0138314244895261,2.15792508322606,0.0309336569514187
