"Estimate","Std. Error","z value","Pr(>|z|)"
"(Intercept)",-2.32127359006216,0.351136791702807,-6.61073873462632,3.82406871446366e-11
"SLOC",0.0062917623693374,0.00128986296988226,4.87785331949773,1.07246627929939e-06
"RFC",-0.0425005798766651,0.0115464597107932,-3.68083212873787,0.00023247402824885
"changedsloc",0.06077462694292,0.0255808059516914,2.37579015523166,0.0175114184391776
"X.changed",-7.29337909991999,5.16481063289297,-1.41212904370024,0.1579119683831
