"Estimate","Std. Error","z value","Pr(>|z|)"
"(Intercept)",-2.85092059566097,0.379403003708965,-7.51422779416864,5.72478291919239e-14
"SLOC",0.00544221732965749,0.00121894256171068,4.4647036707126,8.01796451987445e-06
"CBO",0.0492577336494638,0.0301544891829165,1.63351245483442,0.102361263415597
"RFC",-0.0355697864366141,0.0094351980382187,-3.7699035348843,0.000163310657277832
"changedsloc",0.0183678523195079,0.00969265268007599,1.89502842263856,0.0580886362665478
