"Estimate","Std. Error","z value","Pr(>|z|)"
"(Intercept)",-3.05465114268321,0.340422198106596,-8.97312560600621,2.882171266692e-19
"SLOC",0.00479824391297679,0.00113108210154223,4.24217119732899,2.21367722154852e-05
"CBO",0.0392200621321124,0.0240656239460591,1.6297130803681,0.103162151528806
"RFC",-0.0331751706401196,0.00917310143434026,-3.61657078334767,0.000298531710058845
"changedsloc",0.0245923229072587,0.00915134435153413,2.68729073703101,0.00720342228701186
