version, Attr, sigAttr,Residual.deviance, df.residual, null.deviance, df.null, AIC, iter, theta, std.err, 2loglik
1.lang2.2_all.csv,1,2,30.0805194387939,71,46.1299103734025,72,34.0805194387939,7,,, 
2.lang2.3_all.csv,1,2,84.8363902674293,156,89.838561840555,157,88.8363902674293,5,,, 
3.lang2.4_all.csv,3,4,124.879809488016,233,172.16133700695,236,132.879809488016,6,,, 
4.lang2.5_all.csv,4,4,150.914534728083,318,204.231973599081,322,160.914534728083,6,,, 
5.lang3.0b_all.csv,4,3,189.104083708762,404,248.354044528118,408,199.104083708762,6,,, 
6.lang3.0_all.csv,4,4,218.047718154837,502,284.816237166604,506,228.047718154837,6,,, 
7.lang3.0.1_all.csv,4,4,237.477139510246,602,305.37662821495,606,247.477139510246,6,,, 
