"Estimate","Std. Error","z value","Pr(>|z|)"
"(Intercept)",-4.09962058484452,0.500350559835705,-8.19349654808154,2.53744739509757e-16
"SLOC1",0.00217910189650863,0.00116658021965829,1.86794003514557,0.061770429698665
"LCOM4",0.105779034337719,0.04211812638428,2.51148480282825,0.0120224462277714
"OCMEC",0.131233861148096,0.0534537774950556,2.45509049683597,0.0140849125545465
"OCMIC",0.0685520820966434,0.0335024557250705,2.04618081310811,0.0407385843542975
