"Estimate","Std. Error","z value","Pr(>|z|)"
"(Intercept)",-5.52113860891396,0.778179290784619,-7.09494415271207,1.29403730905151e-12
"NM",0.0267103011012022,0.0147631584628439,1.80925383741068,0.0704115770785326
"SLOC1",0.006880355713629,0.00295533455585818,2.32811398627966,0.0199060518293009
"ICH",-0.0351877315850928,0.0144163533600551,-2.44082055331629,0.0146539342895901
"LCOM2",0.00131086817168867,0.000783615795393643,1.67284551867688,0.0943577113627396
"CBO",0.176745866792133,0.0805842542664837,2.19330523563143,0.0282853946828706
