"Estimate","Std. Error","z value","Pr(>|z|)"
"(Intercept)",-6.38582777801529,0.855786899836586,-7.46193682005961,8.5259769129877e-14
"WMC",0.0501968096956422,0.0120129985549894,4.17854122481301,2.93384822641978e-05
"NumPara",-0.0535889751351404,0.018876379826355,-2.83894346416573,0.00452631757096026
"ICH",-0.0279365102727582,0.00937196675246453,-2.98085887526349,0.00287441222624019
"OCC",1.60775281217198,0.715260658076095,2.24778588619218,0.0245898462735886
"CBO",0.0916206166273968,0.0481630531980726,1.90230084148949,0.0571318357460774
"RFC",0.0319330051391498,0.00710636222876707,4.49357971225879,7.00357883370772e-06
"OCMEC",0.0902987230146666,0.0329414569246509,2.74118789649203,0.00612174886340073
