"","CE0.1","CE0.2","CE0.5","CE1","POPT0.1","POPT0.2","POPT0.5","POPT1"
"lm",0.0818577908666667,0.106006662533333,0.148666498466667,0.190268510933333,0.1411468536,0.2070633646,0.371479489066667,0.595134294466667
"svm",0.0698080984666667,0.0908112749333333,0.147349878333333,0.145713820133333,0.129531668666667,0.193218318333333,0.3701754496,0.572856953666667
"cart",0.0195574682666667,0.0368517827333333,0.0699138319333333,0.00358954873333334,0.0821844152,0.1450487232,0.314404873866667,0.547140255066667
"rf",0.135679106266667,0.1498084724,0.1895209538,0.2585860592,0.191288974533333,0.2455863212,0.401386571733333,0.629293073466667
