,lm,svm,cart,rf,avg_cec
1,-0.040524926,-0.083352856,-0.100363319,0.10556096,-0.029670035
2,0.228490261,0.322416961,-0.053363406,0.287667792,0.196302902
3,0.163738128,-0.006167174,0.10427461,0.202776967,0.116155633
4,0.383810886,0.162898486,0.172134749,0.352358214,0.267800584
5,0.454650476,0.202384925,0.180443954,0.161164309,0.249660916
avg,0.238032965,0.119636068,0.060625318,0.221905648,
