"Estimate","Std. Error","z value","Pr(>|z|)"
"(Intercept)",-3.30065874943338,0.391002035763238,-8.4415385280296,3.131876558747e-17
"WMC",0.011410645397985,0.00504442260963038,2.26203200663655,0.0236954258756907
"X.NOC",-1.05828516195979,0.602405926988973,-1.75676419262582,0.0789580107915413
"changedsloc",0.0237330762618829,0.0118969302527934,1.99489076237211,0.0460547952525294
