"Estimate","Std. Error","z value","Pr(>|z|)"
"(Intercept)",-4.11781317002936,0.33663646606684,-12.2322255165659,2.09129238102758e-34
"SLOC",-0.00903857093946722,0.00476672032636476,-1.89618234774019,0.0579359365364414
"WMC",0.0487192732932686,0.0188139038645748,2.58953557134962,0.00961054931146211
"CBO",0.0820444386028305,0.0533920792867585,1.53664063469388,0.124381336034349
"changedsloc",0.0280863400561305,0.00898949489652709,3.12435129886787,0.00178197565944009
