"Estimate","Std. Error","z value","Pr(>|z|)"
"(Intercept)",-3.96563988107944,0.272226508539933,-14.5674273322935,4.52617625781784e-48
"WMC",0.0130716472741348,0.00339842377633698,3.84638530519703,0.000119873205131642
"changedsloc",0.0264976490716928,0.00821047693784489,3.22729718045441,0.00124965597897575
