version, Attr, sigAttr,Residual.deviance, df.residual, null.deviance, df.null, AIC, iter, theta, std.err, 2loglik
1.math1.2S_all.csv,3,0,7.52179296196346e-09,148,12.0411676191609,151,8.0000000075218,25,,, 
2.math1.2R_all.csv,3,3,127.850478741168,448,151.312651684924,451,135.850478741168,6,,, 
3.math2.0_all.csv,4,3,200.776556671843,741,245.20868194494,745,210.776556671843,6,,, 
4.math2.1_all.csv,8,5,335.662583434128,1208,417.129152032005,1216,353.662583434128,7,,, 
5.math3.0_all.csv,6,4,479.786397686005,1720,566.792506836283,1726,493.786397686005,7,,, 
6.math3.1_all.csv,5,4,558.056647873325,2295,640.601540970238,2300,570.056647873325,7,,, 
7.math3.1.1_all.csv,8,5,656.485251124478,2882,760.010212437227,2890,674.485251124478,7,,, 
