"","lr","naivebayes","rf","cart","j48","svm"
"2.math1.2R_all.csv",0.298866621460685,0.169870023305773,0.3017575249915,-0.313100807439613,-0.0470047238351387,0.00343603448570596
"3.math2.0_all.csv",0.140836183381905,0.077846222591044,0.270484135889006,-0.234599303221435,-0.0465672975647123,-0.0760097519537052
"4.math2.1_all.csv",0.212873956402764,0.319098535668024,0.25965892009266,-0.234935544421372,0.197596578737925,0.0389691013606785
"5.math3.0_all.csv",0.136344568967636,-0.0396986068257529,0.120001395632463,-0.364938064844573,0.209350420315334,0.205031889408815
"6.math3.1_all.csv",0.746870875934329,-0.433415711329867,-0.0244626833185934,-0.0172001950622795,0.617925892864523,0.64586277864564
"7.math3.1.1_all.csv",0.378388366024965,0.0599457030245236,0.430679251344226,-0.292490416033445,0.356838060450034,0.222295232222346
"8.math3.2_all.csv",0.310729604552407,-0.0372000984072993,0.619831210088888,0.227139021703088,0.0704574869770775,0.103081645969044
