"","lm","rf","cart","svm"
"2.lang2.3_all.csv",0.202244145706852,-0.254191962995085,-0.306519225209598,-0.34027175484244
"3.lang2.4_all.csv",-0.00582127448754215,-0.155615878455092,-0.3834712961625,-0.241159713477695
"4.lang2.5_all.csv",0.767498326822207,0.442014661706797,-0.141247334588865,-0.427726501579791
"5.lang3.0b_all.csv",0.113461452713247,0.382833192134481,0.118294912382396,0.0230882418513399
"6.lang3.0_all.csv",0.255137454817759,0.624573378839591,-0.172534957733904,0.670022033092841
"7.lang3.0.1_all.csv",-0.036997490790668,0.602370402007368,0.96700656665421,-0.560407879985052
"8.lang3.1_all.csv",-0.256065847383384,0.024935160272725,-0.293629605005731,-0.13623441336062
