"Estimate","Std. Error","z value","Pr(>|z|)"
"(Intercept)",-390.368345875348,394477.425515423,-0.000989583485963218,0.999210426743793
"avg_WMC",13.5402191078185,13678.9980184481,0.000989854599697838,0.999210210426436
