"Estimate","Std. Error","z value","Pr(>|z|)"
"(Intercept)",-222.348500224784,155093.555214574,-0.00143364113303846,0.998856120266058
"avg_SLOC",2.23326866581469,1556.99966570349,0.00143434113378929,0.99885556174684
