"Estimate","Std. Error","z value","Pr(>|z|)"
"(Intercept)",-5.19389649650827,0.703557989511995,-7.38232892516917,1.555443314433e-13
"WMC",0.0222630788852566,0.00696203488663363,3.19778329867312,0.00138488306640013
"CBO",0.13376772124617,0.0575779917487293,2.32324395456398,0.0201660507281896
"RFC",-0.0042083869696698,0.00285420531292201,-1.47445138253262,0.14036009859363
"changedsloc",0.061622529922771,0.0306439637533249,2.01091903184636,0.0443340097463188
