version, Attr, sigAttr,Residual.deviance, df.residual, null.deviance, df.null, AIC, iter, theta, std.err, 2loglik
math1.2_all.csv,1,2,75.1622860679413,238,101.090691973599,239,79.1622860679413,6,,, 
math2.0_all.csv,4,4,163.056131427903,529,207.872585292633,533,173.056131427903,6,,, 
math2.1_all.csv,7,5,349.197348229574,964,444.958547523806,971,365.197348229574,6,,, 
math3.0_all.csv,7,4,494.253669119645,1475,605.465580309483,1482,510.253669119645,6,,, 
math3.1_all.csv,8,7,652.92451333431,2050,805.963345916278,2058,670.92451333431,7,,, 
