"","lr","naivebayes","rf","cart","j48","svm"
"1.lang2.2_all.csv",0.457737475605677,0.292863199001088,0.245252069171032,-0.429436094042817,-0.551143805058824,0.0485183212983104
"2.lang2.3_all.csv",0.860049326092298,-0.18444216546379,0.657428913268963,0.276058103996558,0.0693618259831475,0.398494882747899
"3.lang2.4_all.csv",0.264666825618523,0.19574027404143,0.506062412599074,0.0295108718236767,-0.0937720567609191,0.209821248384246
"5.lang3.0b_all.csv",0.177071037337271,-0.0303058799318338,0.516694067165155,-0.241159386934309,0.16562600363105,-0.413562910830252
"6.lang3.0_all.csv",-0.196841662039261,0.146994649140104,0.246537482164068,-0.316834201272424,-0.570674558643805,0.0437165433347851
"8.lang3.1_all.csv",0.0667432630185675,-0.329024058652948,-0.0725090414309986,-0.45426827463838,-0.723373409362964,-0.00422118786684612
