"","lr","naivebayes","rf","cart","j48","svm"
"1.lang2.2_all.csv",0.835144927536232,0.703985507246377,0.797826086956522,0.59963768115942,0.559420289855073,0.676086956521739
"2.lang2.3_all.csv",0.937844254510921,0.396284425451092,0.928537511870845,0.855686134852802,0.761146723646724,0.796058879392213
"3.lang2.4_all.csv",0.858492534036012,0.85147123407993,0.948671497584541,0.822458278436539,0.795026350461133,0.789745278875714
"5.lang3.0b_all.csv",0.910714285714286,0.623214285714286,0.913988095238095,0.755357142857143,0.858928571428571,0.461309523809524
"6.lang3.0_all.csv",0.509166666666667,0.675555555555556,0.725555555555556,0.652222222222222,0.562777777777778,0.658333333333333
"8.lang3.1_all.csv",0.699665471923536,0.526012544802867,0.676842891278375,0.649934289127837,0.5373715651135,0.539477299880526
