"Estimate","Std. Error","z value","Pr(>|z|)"
"(Intercept)",-24.7340295393177,21390.2230018265,-0.00115632406156802,0.999077387089592
"X.added",90686668315.7909,45351247692472.8,0.00199965101138425,0.998404510394311
"X.changed",90686668285.3784,45351247595359.1,0.00199965101499564,0.99840451039143
"X.churn",-90686668424.7205,45351247737652.7,-0.00199965101179407,0.998404510393984
