"Estimate","Std. Error","z value","Pr(>|z|)"
"(Intercept)",-3.30685796192387,0.390898606073474,-8.45963099009441,2.68224909031553e-17
"WMC",0.0114253321665391,0.00504433139457993,2.26498444943872,0.0235136338039461
"X.NOC",-1.05275090233247,0.602458827884184,-1.74742381322505,0.0805638497672698
"changedsloc",0.0238040405029686,0.0119187042709478,1.99720036354889,0.0458034215959525
