"Estimate","Std. Error","z value","Pr(>|z|)"
"(Intercept)",-3.93356812147913,0.278954388711559,-14.1011157402742,3.73812418394062e-45
"WMC",0.0135105841889272,0.00258545255833766,5.2256167475817,1.73575557440192e-07
"RFC",0.0102883532712375,0.00419008703729486,2.4554032361771,0.0140726633604384
"delta_CBO",0.0790779401728057,0.0490065232567551,1.61362069613673,0.10660972490949
"X.LCOM5",-1.23117154960367,0.445428976134026,-2.76401315489008,0.00570952374335822
