"Estimate","Std. Error","z value","Pr(>|z|)"
"(Intercept)",-3.89821244044944,0.236170631391623,-16.505915309958,3.32650769665134e-61
"WMC",0.00999690439346775,0.00263725148034192,3.79065268063539,0.000150251937220881
"RFC",0.00796175908050178,0.00335763613922813,2.37123939294151,0.0177285441478468
"delta_WMC",0.00604680149439722,0.00385888456718443,1.56698169875788,0.117118969451348
"X.LCOM5",-0.922024149167174,0.411637927266322,-2.23989114727672,0.0250979905101228
"changedsloc",0.00708321166403551,0.00456621350245044,1.55122218009174,0.120848448532246
