"Estimate","Std. Error","z value","Pr(>|z|)"
"(Intercept)",-4.32154955180747,0.207938559585598,-20.7828195040877,6.19136563164868e-96
"SLOC",-0.00228022031985589,0.00165743444106216,-1.37575294887358,0.168898132898631
"WMC",0.018437923973081,0.00800015689415845,2.30469529748148,0.0211836444517284
"RFC",0.00823576565049134,0.00301691242603145,2.72986566644394,0.00633601378966389
"addedsloc",0.00104990068182915,0.0006182110892105,1.6982883357365,0.0894533551293343
"changedsloc",0.0147598228902424,0.00445910925824328,3.31003840351228,0.000932831716179706
