version, Attr, sigAttr,Residual.deviance, df.residual, null.deviance, df.null, AIC, iter, theta, std.err, 2loglik
math1.2R_all.csv,2,3,79.70228523733,281,99.4232836156304,283,85.70228523733,6,,, 
math1.2S_all.csv,3,3,127.756875781808,447,151.231284496998,450,135.756875781808,6,,, 
math2.0_all.csv,2,3,207.215714769775,743,245.20868194494,745,213.215714769775,6,,, 
math2.1_all.csv,4,4,342.868879455978,1212,417.129152032005,1216,352.868879455978,7,,, 
math3.0_all.csv,5,4,481.284698112662,1721,566.792506836283,1726,493.284698112662,7,,, 
math3.1.1_all.csv,7,6,588.97100653322,2310,689.160396979982,2317,604.97100653322,7,,, 
math3.1_all.csv,7,4,659.661103798684,2887,760.245936298885,2894,675.661103798684,7,,, 
