"","lr","naivebayes","rf","cart","j48","svm"
"math1.2S_all.csv",0.712962962962963,0.858024691358025,0.639917695473251,0.635802469135802,0.506172839506173,0.417695473251029
"math2.0_all.csv",0.828621908127208,0.713941535496306,0.781882428525538,0.695149373594603,0.5,0.592997108898169
"math2.1_all.csv",0.859365079365079,0.811322751322751,0.798624338624339,0.612169312169312,0.721957671957672,0.752698412698413
"math3.0_all.csv",0.722612526792093,0.762919742795904,0.766908787806621,0.423195999047392,0.636818290069064,0.728625863300786
"math3.1.1_all.csv",0.844807802639128,0.78714859437751,0.836560527825588,0.788726333907057,0.521514629948365,0.40332759609868
"math3.1_all.csv",0.536602451838879,0.400700525394046,0.562697022767075,0.464273204903678,0.462346760070053,0.595446584938704
"math3.2_all.csv",0.815746753246753,0.758658008658009,0.855248917748918,0.720643939393939,0.662472943722944,0.390692640692641
