"","lr","naivebayes","rf","cart","j48","svm"
"time2.0_all.csv",0.373941798941799,0.351917989417989,0.642857142857143,0.553373015873016,0.260714285714286,0.228439153439154
"time2.1_all.csv",0.814931289640592,0.446555673009161,0.770410500352361,0.684042459478506,0.346485200845666,0.228065539112051
"time2.2_all.csv",0.408222591362126,0.215439276485788,0.562578442229605,0.612380029531192,0.157747323735696,0.136821705426357
"time2.3_all.csv",0.566992600422833,0.436671952078929,0.77224718111346,0.576929175475687,0.242750176180409,0.141578576462297
"time2.4_all.csv",0.477563424947146,0.454008104298802,0.569679351656096,0.549735729386892,0.217855884425652,0.212905214940099
