"","lr","naivebayes","rf","cart","j48","svm"
"time2.0_all.csv",0.113515617694351,-0.0973578702610461,0.183466371625452,-0.522115527853179,-0.101563125019127,-0.00249279742121395
"time2.1_all.csv",0.455480549798759,-0.34845954600218,0.388402421832831,-0.160131077777817,-0.381939929670296,-0.270347582526948
"time2.2_all.csv",0.088085585296501,-0.306377598202461,-0.345264133579852,-0.355957922781733,-0.36010782389791,-0.199036999339138
"time2.3_all.csv",0.221993941807335,-0.0894976616026517,0.397552897597359,-0.493160723891385,-0.337388403159493,-0.17993453942356
"time2.4_all.csv",0.194696350399078,-0.0406279663576999,-0.135686308038239,-0.660807657938701,0.00955644947687123,0.0633300919916611
