"Estimate","Std. Error","z value","Pr(>|z|)"
"(Intercept)",-3.9376672275857,0.459243605229546,-8.57424509072372,9.97388282522038e-18
"SLOC",0.00214191601396551,0.000819991767687587,2.61211892407873,0.00899829468214145
"deletedsloc",0.547124530610924,0.358662201351611,1.52545913271345,0.127144619350865
"X.deleted",-41.0859671510194,83.1907323741356,-0.493876733363069,0.621393237164716
