"Estimate","Std. Error","z value","Pr(>|z|)"
"(Intercept)",-4.71671098105533,0.507269435481879,-9.29823610715813,1.42794853262803e-20
"SLOC",0.00146696007484486,0.000638046120559826,2.29914425865913,0.0214967490137682
"CBO",0.101059055959641,0.0377624408593251,2.67617912560559,0.00744668337290734
"changedsloc",0.054723402731427,0.0301085881795853,1.81753466502728,0.0691352853992403
