version, Attr, sigAttr,Residual.deviance, df.residual, null.deviance, df.null, AIC, iter, theta, std.err, 2loglik
time2.0_all.csv,2,1,52.6218203040034,131,60.6069611681944,133,58.6218203040034,6,,, 
time2.1_all.csv,3,2,77.8741563766304,264,98.0004103853712,267,85.8741563766304,9,,, 
time2.2_all.csv,3,2,119.038837467402,392,146.446660140878,395,127.038837467402,6,,, 
time2.3_all.csv,3,3,157.322517648046,530,189.660300888561,533,165.322517648046,6,,, 
