"","lr","naivebayes","rf","cart","j48","svm"
"time2.1_all.csv",0.763461538461538,0.792307692307692,0.763461538461538,0.7125,0.621153846153846,0.251923076923077
"time2.2_all.csv",0.88671875,0.699869791666667,0.801432291666667,0.62890625,0.49609375,0.41796875
"time2.3_all.csv",0.893846153846154,0.765384615384615,0.796923076923077,0.64,0.5,0.816923076923077
"time2.4_all.csv",0.690839694656489,0.763358778625954,0.678435114503817,0.454198473282443,0.488549618320611,0.437022900763359
