"Estimate","Std. Error","z value","Pr(>|z|)"
"(Intercept)",-2.33781258657995,0.414811795998431,-5.63583921463215,1.74207862505884e-08
"SLOC",0.00119456041605382,0.000684172405363136,1.74599327112555,0.0808121210917782
"DIT",-1.83046544066568,1.04256045183085,-1.75574033855896,0.0791327556591568
