"Estimate","Std. Error","z value","Pr(>|z|)"
"(Intercept)",-4.03347833306412,0.790576549498896,-5.10194532790117,3.36179877536692e-07
"CBO",0.101810796787406,0.0607595595813303,1.6756342127715,0.0938098630941796
"changedsloc",0.0611372576285389,0.0327491928539121,1.86683250183479,0.0619249821632834
