"Estimate","Std. Error","z value","Pr(>|z|)"
"(Intercept)",-4.49780104331954,0.549853694556854,-8.17999603866348,2.83853204747836e-16
"SLOC",0.00193466164510887,0.000711012407340399,2.72099561855134,0.00650856241810619
"CBO",0.0761831137839273,0.0432576821818691,1.76114645864818,0.0782136174125083
"deletedsloc",0.286680166466697,0.152793554769354,1.8762582420407,0.0606198280360825
