"","lr","naivebayes","rf","cart","j48","svm"
"time2.1_all.csv",0.207047589306993,-0.150525528610287,0.0106584926902628,0.0553140434064444,0.0231495558276563,-0.189609407742816
"time2.2_all.csv",-0.0792341350575513,-0.320629302416321,0.286168166996461,-0.382751316852931,-0.184247930659681,-0.202628131880382
"time2.3_all.csv",0.375887199201266,-0.144553191200342,0.507379459767851,-0.0838738598004523,-0.170172447752881,0.15767524943457
"time2.4_all.csv",-0.210140391665921,0.171063220960386,-0.329272109451847,-1,0.095066171868014,-0.0206675310739515
