,Estimate,Std. Error,z value,Pr(>|z|)
(Intercept),-5.231418568,0.347633082,-15.04867874,3.52E-51
WMC,0.008534662,0.001639862,5.204501576,1.95E-07
RFC,0.018754723,0.003072485,6.104088737,1.03E-09
LCOM5,0.501560397,0.210521129,2.382470581,0.017196906
delta_CBO,0.096279677,0.03737702,2.575905667,0.009997792
delta_RFC,-0.011196381,0.00533547,-2.098480492,0.035862721
delta_DIT,0.233025248,0.149594646,1.557711151,0.119301736
X.changed,2.865871939,0.784672132,3.65231773,0.000259884
X.churn,0.69042296,0.440405065,1.567699862,0.116951194
