version, Attr, sigAttr,Residual.deviance, df.residual, null.deviance, df.null, AIC, iter, theta, std.err, 2loglik
math1.2_all.csv,10,8,342.136050093421,449,637.617143026316,459,364.136050093421,9,,, 
math2.0_all.csv,8,9,478.248834357279,567,798.165240715608,575,496.248834357279,6,,, 
math2.1_all.csv,14,14,587.320223945958,816,1151.47987167195,830,617.320223945958,8,,, 
math3.0_all.csv,8,9,1069.55053410913,947,1324.35583206433,955,1087.55053410913,6,,, 
math3.1_all.csv,8,9,913.915746013569,1074,1500.94956535529,1082,931.915746013569,6,,, 
