"","CE0.1","CE0.2","CE0.5","CE1","POPT_BCE","POPT_BPP","POPT_MFM","POPT_0.5","POPT0.1","POPT0.2","POPT0.5","POPT1"
"lr",0.0386690455,0.0306025332,0.1037874567,0.1445648222,0.222973436,0.1927299236,0.1299226134,NA,0.1044254746,0.1423634098,0.3404186226,0.5722824111
"svm",0.0056440299,-0.0286720694,-0.0642944599,-0.1369358957,0.1816213268,0.2215071302,0.211181141,NA,0.0740113534,0.0902411475,0.2167995999,0.4315320521
"cart",0.054877032,0.0596065059,-0.0674028979,-0.556101814,0.1766310344,0.1783643145,0.1326175418,NA,0.119758092,0.1678785741,0.3007349324,0.5287401172
"rf",0.0416947123,0.0655709224,0.0822697069,0.1016489829,0.1086432426,0.133539807,0.0627655766,NA,0.1075322667,0.173218172,0.3241756818,0.5548803358
"naivebayes",-0.0252106251,-0.0195292615,0.0883974342,0.1144694386,0.1963162462,0.240288892,0.1232070475,NA,0.0456723431,0.0987211342,0.3295342663,0.560180515
"j48",0.1116478499,0.1152356599,0.1044975541,0.0779613828,0.1944523105,0.209687189,0.194018915,NA,0.1723986942,0.217073227,0.340979735,0.5463382736
