version, Attr, sigAttr,Residual.deviance, df.residual, null.deviance, df.null, AIC, iter, theta, std.err, 2loglik
time2.0_all.csv,4,3,33.9859761334366,129,60.6069611681944,133,43.9859761334366,9,,, 
time2.1_all.csv,3,3,20.1773726576635,130,35.9717543794337,133,28.1773726576635,8,,, 
time2.2_all.csv,2,3,34.3944724695445,131,49.0002051926856,133,40.3944724695445,7,,, 
time2.3_all.csv,2,3,26.1131733235111,132,42.7708539355835,134,32.1131733235111,8,,, 
