"","lr","naivebayes","rf","cart","j48","svm"
"1.math1.2S_all.csv",0.641820987654321,0.687037037037037,0.875308641975309,0.632716049382716,0.340277777777778,0.400617283950617
"2.math1.2R_all.csv",0.545090964590965,0.529781440781441,0.602660358160358,0.57500986975987,0.314658831908832,0.302920227920228
"3.math2.0_all.csv",0.615360710745062,0.697736978570884,0.660427629070388,0.61885371387173,0.301666476016167,0.137401052390757
"4.math2.1_all.csv",0.463180806037949,0.681140057032914,0.773162239233668,0.631756193809765,0.428626719251719,0.333810549881978
"5.math3.0_all.csv",0.283057197996222,0.436372464482221,0.551254824669459,0.500917200459883,0.228864046973803,0.240717541266322
"6.math3.1_all.csv",0.434222926426013,0.533766418664462,0.749857628364104,0.534637870855148,0.512825158445853,0.583985028015064
"7.math3.1.1_all.csv",0.478228994177661,0.452292590317469,0.810371485675623,0.609627423748731,0.409288922422235,0.27624134216477
"8.math3.2_all.csv",0.387922487962744,0.297073762727919,0.541448220064725,0.513817388902044,0.229949482989976,0.224454179493251
