"","lr","naivebayes","rf","cart","j48","svm"
"1.math1.2S_all.csv",0.638599008854991,0.427482452518853,0.836576616636647,-0.352473927024104,0.138480125228297,0.354287226915061
"2.math1.2R_all.csv",0.458953986332538,0.265466986226585,0.195498462506079,-0.460462425704288,0.139673574796585,0.20018414989919
"3.math2.0_all.csv",0.276163995397503,0.0693340265235509,0.0652641970057778,-0.454128264109901,-0.0250220934723862,-0.204592641391172
"4.math2.1_all.csv",0.242071191179622,0.20144354688798,0.507602701770789,-0.246333854883005,0.078028304080331,0.300530735663835
"5.math3.0_all.csv",0.113045349521111,0.113551791144624,0.0776762916926719,-0.821251869715658,0.0540498785860113,0.101387911161242
"6.math3.1_all.csv",0.314298712382698,0.398170566879474,0.303613251335618,-0.801151565088434,0.650789853484928,0.757261734115039
"7.math3.1.1_all.csv",0.42854719782071,0.0202280821729258,0.456583422669975,-0.466348269337566,0.311836381416578,0.197689089235782
"8.math3.2_all.csv",0.333777059836736,0.000335298792116892,-0.354747020225651,-0.876735509258153,0.199937896111992,0.0558802021892185
