"Estimate","Std. Error","z value","Pr(>|z|)"
"(Intercept)",-2.36712361413161,0.426956281914981,-5.5441826585022,2.95330417950949e-08
"NOC",-17.0960318009358,3230.15406866563,-0.00529263664751387,0.995777106648302
"X.DIT",-20.0425754765333,5289.6622151475,-0.0037890085720671,0.996976815793367
