"Estimate","Std. Error","z value","Pr(>|z|)"
"(Intercept)",-3.32893052546432,0.440688146866277,-7.55393706215214,4.22294304031469e-14
"WMC",0.0119459938855401,0.0047716886889265,2.50351493241016,0.0122966491327077
"CBO",0.0736667365357721,0.0413842384485989,1.78006746764881,0.0750649199047051
"X.WMC",-4.53878894130766,1.49354887326015,-3.03892897150416,0.00237420823931066
"X.RFC",2.74558107009847,1.47822206793935,1.85735359364904,0.0632608641857544
