"Estimate","Std. Error","z value","Pr(>|z|)"
"(Intercept)",-3.33287189013475,0.363648761974336,-9.16508521035462,4.95078449344913e-20
"WMC",0.0126221483811916,0.00266962844131393,4.72805435612579,2.26681507840559e-06
"RFC",0.0122385248263625,0.00459714058349057,2.66220373384142,0.00776308753004324
"DIT",-0.330925677271678,0.158245249949374,-2.09122028861877,0.0365083214257441
"X.WMC",-1.54773187606315,0.893329175952616,-1.73254374504527,0.0831767954213758
"X.RFC",2.83050924378788,0.756646106948114,3.74086275974454,0.000183389645246341
"X.LCOM5",-2.13209047175024,0.834732721256693,-2.55421935363978,0.0106426186269768
