"Estimate","Std. Error","z value","Pr(>|z|)"
"(Intercept)",-3.20885827618923,0.287061181759145,-11.1783079012111,5.20733753169472e-29
"WMC",0.0114916661205645,0.00216701819940493,5.30298551425184,1.13923964816158e-07
"RFC",0.00943497409686407,0.00361634698617256,2.60897920828382,0.00908127599083435
"DIT",-0.301944647095306,0.129843768926591,-2.3254457999137,0.0200481348981012
"X.WMC",-0.827068816601034,0.297503051684208,-2.78003473214435,0.00543530847896639
"deletedsloc",0.00562493623060075,0.00206059032594168,2.72976930920521,0.00633786588833512
