"Estimate","Std. Error","z value","Pr(>|z|)"
"(Intercept)",-3.55988463537182,0.259819656393455,-13.7013676516489,9.96298273838298e-43
"WMC",0.00950644711782647,0.00181338084886168,5.24238861560381,1.58511080216454e-07
"RFC",0.00821137199132392,0.00321498559697778,2.55409293249803,0.0106464836613591
"DIT",-0.255180778940175,0.116812800469026,-2.184527533931,0.0289235063124591
"delta_CBO",0.0537469090633455,0.0291523271819544,1.84365758273375,0.0652330584172929
"X.LCOM5",-0.89930697025824,0.400191764657417,-2.24719009654806,0.0246278808339754
"deletedsloc",0.00355471679767361,0.00152876074560797,2.32522767731058,0.0200597891430446
