"Estimate","Std. Error","z value","Pr(>|z|)"
"(Intercept)",-4.60877281678373,0.236823561336899,-19.4607867171941,2.36132258382978e-84
"WMC",0.0069683412120409,0.00205310558340799,3.39404912653055,0.000688673373807801
"RFC",0.00977201263552883,0.00307326444503358,3.17968492796658,0.00147435261615269
"delta_WMC",0.00696826332809097,0.0038343520826406,1.81732485121505,0.0691673869300485
"delta_CBO",0.0849759132139919,0.0351089383522775,2.42034983688077,0.0155055818819198
"delta_RFC",-0.0150520386193404,0.00720435757125626,-2.08929643905996,0.0366810467461566
"changedsloc",0.0128997598505163,0.0045300698911548,2.84758517207511,0.00440523045949469
