version, Attr, sigAttr,Residual.deviance, df.residual, null.deviance, df.null, AIC, iter, theta, std.err, 2loglik
1.math1.2S_all.csv,2,1,40.9511856829472,165,51.7695708334659,167,46.9511856829472,21,,, 
2.math1.2R_all.csv,4,3,135.029929725647,448,163.910102295313,452,145.029929725647,7,,, 
3.math2.0_all.csv,4,4,212.146625795802,738,257.644169921857,742,222.146625795802,7,,, 
4.math2.1_all.csv,6,6,407.70522309342,1208,507.113480324183,1214,421.70522309342,6,,, 
5.math3.0_all.csv,5,6,571.732527707605,1721,671.764879842488,1726,583.732527707605,6,,, 
6.math3.1_all.csv,6,6,662.681126264086,2296,753.608403208473,2302,676.681126264086,7,,, 
7.math3.1.1_all.csv,6,6,615.813988005244,2813,699.224462068238,2819,629.813988005244,7,,, 
