"","lr","naivebayes","rf","cart","j48","svm"
"2.math1.2R_all.csv",-0.253319164368427,0.235392050198619,0.334743482697838,-0.411718071333991,0.0213900766642209,0.0189577376886032
"3.math2.0_all.csv",0.106111718217957,-0.183311952613991,0.0392454981707607,-0.439793478088722,-0.155461585974248,-0.0557640835590187
"4.math2.1_all.csv",0.119148666782728,0.176095798726715,0.369055165399574,-0.615202450277672,0.0235998324055386,0.119771731678935
"5.math3.0_all.csv",0.32145029376663,0.129617514663947,0.123388951476427,-0.00386602876147037,0.200475433055835,0.00489715555314034
"6.math3.1_all.csv",0.586339705602804,-0.33799476002744,0.524209389523912,-0.10849938977186,0.434837828083718,0.731835726033738
"7.math3.1.1_all.csv",0.17204096134444,-0.203076865707201,0.282793210675804,0.200290450156309,0.232902906366079,0.208827861669488
"8.math3.2_all.csv",0.307424745441274,0.039798279467701,-0.059653538992382,0.114852701629561,0.112108583182963,0.208837688176531
