"Estimate","Std. Error","z value","Pr(>|z|)"
"(Intercept)",-3.96142089649709,0.452517360865622,-8.75418545029802,2.05582817394856e-18
"WMC",0.0114995952681591,0.00522632133627364,2.20032304335085,0.0277839835072294
"changedsloc",0.0333805566691325,0.0141492959676981,2.35916732149346,0.0183159952443896
