"Estimate","Std. Error","z value","Pr(>|z|)"
"(Intercept)",-5.00096064847374,0.655541627658829,-7.62874611995876,2.3704793624887e-14
"RFC",0.02166301884664,0.00789159261005787,2.74507566685974,0.00604969471678241
"addedsloc",0.0164592961286072,0.00682926371463545,2.41011283446767,0.0159475875351941
"changedsloc",0.0236489194060831,0.0128748766832436,1.83682686738753,0.0662354582598118
