"Estimate","Std. Error","z value","Pr(>|z|)"
"(Intercept)",-5.0348338019483,0.519615340848076,-9.68954033137443,3.34028607988216e-22
"delta_RFC",0.0195512707561924,0.00780749545151374,2.5041667814743,0.0122740160593231
