version, Attr, sigAttr,Residual.deviance, df.residual, null.deviance, df.null, AIC, iter, theta, std.err, 2loglik
1.math1.2S_all.csv,6,5,24.9313159150113,160,51.6966141914624,166,38.9313159150113,11,,, 
2.math1.2R_all.csv,2,3,79.70228523733,281,99.4232836156304,283,85.70228523733,6,,, 
3.math2.0_all.csv,3,3,64.5214412959493,290,93.8682631275082,293,72.5214412959493,7,,, 
4.math2.1_all.csv,2,3,131.798883477657,468,171.683557691153,470,137.798883477657,6,,, 
5.math3.0_all.csv,1,2,136.554488294861,509,149.135376508607,510,140.554488294861,6,,, 
6.math3.1_all.csv,1,2,53.5936879465117,574,57.423168570162,575,57.5936879465117,7,,, 
7.math3.1.1_all.csv,2,3,87.9382215932118,590,117.362418154469,592,93.9382215932118,7,,, 
