"Estimate","Std. Error","z value","Pr(>|z|)"
"(Intercept)",-4.13913174286419,0.507745125109388,-8.15198716476591,3.5799230190889e-16
"WMC",-0.0193803159893889,0.0102043064206851,-1.89922912841026,0.0575343564773557
"stms",0.00781976941048217,0.00234072430608042,3.3407477293114,0.000835531037514471
"NMA",0.0649427542509425,0.0355301596917436,1.82782049994652,0.0675764955271063
"LCOM3",-0.185929922973388,0.0729662977188511,-2.54816166896395,0.0108292272496445
"ACMIC",1.04819593682195,0.335182073242118,3.12724343125829,0.001764537576649
"MPC",0.0191406931640184,0.00697098069170459,2.74576763450165,0.00603695049529699
