,P.BPP,P.BCE,P.MFM,P.0.5,TP.BPP,TP.BCE,TP.MFM,TP.AVG,TP.0.5,P.BPP,P.BCE,P.MFM,P.AVG,P.0.5,R.BPP,R.BCE,R.MFM,R.AVG,R.0.5,F.BPP,F.BCE,F.MFM,F.AVG,F.0.5,ACC.BPP,ACC.BCE,ACC.MFM,ACC.AVG,ACC.0.5,AUC,ER.BPP,ER.BCE,ER.MFM,ER.AVG,ER.0.5,AR0.05,AR0.1,AR0.15,AR0.2,AR0.25,AR0.3,AR0.35,AR0.4,AR0.45,AR0.5,AR0.55,AR0.6,AR0.65,AR0.7,AR0.75,AR0.8,AR0.85,AR0.9,AR0.95,AR1,CE0.05,CE0.1,CE0.15,CE0.2,CE0.25,CE0.3,CE0.35,CE0.4,CE0.45,CE0.5,CE0.55,CE0.6,CE0.65,CE0.7,CE0.75,CE0.8,CE0.85,CE0.9,CE0.95,CE1,POPT_BPP,POPT_BCE,POPT_MFM,POPT_0.5,POPT0.05,POPT0.1,POPT0.15,POPT0.2,POPT0.25,POPT0.3,POPT0.35,POPT0.4,POPT0.45,POPT0.5,POPT0.55,POPT0.6,POPT0.65,POPT0.7,POPT0.75,POPT0.8,POPT0.85,POPT0.9,POPT0.95,POPT1
closure2_all.csv-->closure3_all.csv,0.199701886,0.197980218,0.110833796,0,16,16,9,43.30107527,0,0.216216216,0.219178082,0.166666667,0.218166617,0,0.225352113,0.225352113,0.126760563,0.6098743,0,0.220689655,0.222222222,0.144,0.2998963,0,0.696236559,0.698924731,0.712365591,0.529656608,0.809139785,0.630246596,0.048087678,0.056294293,-0.219171751,-0.021158072,0,0.092693782,0.12008778,0.153898817,0.191777465,0.221361393,0.248832218,0.27886068,0.303315008,0.328889429,0.353760378,0.382913906,0.410134153,0.438573989,0.465958884,0.490213297,0.513839785,0.535831193,0.557404526,0.577523182,0.596624472,-0.012885771,-0.031088999,-0.032384339,-0.020730902,-0.015158026,-0.009223789,0.002718805,0.008450167,0.016115638,0.022013668,0.033672886,0.042105507,0.052563649,0.061505944,0.065074717,0.067435858,0.066463785,0.064277376,0.058412917,0.049301875,0.191554573,0.190241682,0.125848561,NaN,0.092693782,0.12008778,0.153898817,0.191777465,0.221361393,0.248832218,0.27886068,0.303315008,0.328889429,0.353760378,0.382913013,0.409523183,0.435669874,0.458864916,0.477031779,0.4929621,0.505692776,0.516124824,0.523070787,0.525597771
