model.type, train.version, BPP, BCE, MFM
lr,1,0.00028944621979338,0.000343826516171213,0.00109248818868401 
rf,1,0.00053315649867374,0.000544303797468354,0.000668367346938776 
cart,1,0.000277366863905325,0.000331858407079646,0.000277366863905325 
j48,1,0.000493096646942801,0.000381995288724772,0.0015552099533437 
naivebayes,1,0.000663129973474801,0.00111856689251238,0.000663129973474801 
svm,1,0.000348927968074178,0.000473328260917702,0.000153677351428587 
