,P.BPP,P.BCE,P.MFM,P.0.5,TP.BPP,TP.BCE,TP.MFM,TP.AVG,TP.0.5,P.BPP,P.BCE,P.MFM,P.AVG,P.0.5,R.BPP,R.BCE,R.MFM,R.AVG,R.0.5,F.BPP,F.BCE,F.MFM,F.AVG,F.0.5,ACC.BPP,ACC.BCE,ACC.MFM,ACC.AVG,ACC.0.5,AUC,ER.BPP,ER.BCE,ER.MFM,ER.AVG,ER.0.5,AR0.05,AR0.1,AR0.15,AR0.2,AR0.25,AR0.3,AR0.35,AR0.4,AR0.45,AR0.5,AR0.55,AR0.6,AR0.65,AR0.7,AR0.75,AR0.8,AR0.85,AR0.9,AR0.95,AR1,CE0.05,CE0.1,CE0.15,CE0.2,CE0.25,CE0.3,CE0.35,CE0.4,CE0.45,CE0.5,CE0.55,CE0.6,CE0.65,CE0.7,CE0.75,CE0.8,CE0.85,CE0.9,CE0.95,CE1,POPT_BPP,POPT_BCE,POPT_MFM,POPT_0.5,POPT0.05,POPT0.1,POPT0.15,POPT0.2,POPT0.25,POPT0.3,POPT0.35,POPT0.4,POPT0.45,POPT0.5,POPT0.55,POPT0.6,POPT0.65,POPT0.7,POPT0.75,POPT0.8,POPT0.85,POPT0.9,POPT0.95,POPT1
closure2_all.csv-->closure3_all.csv,0.611573304,0.422189869,0.611573304,0,41,29,41,37.9516129,0,0.257861635,0.205673759,0.257861635,0.174979371,0,0.577464789,0.408450704,0.577464789,0.534529759,0,0.356521739,0.273584906,0.356521739,0.252815968,0,0.602150538,0.586021505,0.602150538,0.511836629,0.809139785,0.541013523,-0.09318728,-0.437455982,-0.09318728,-0.253884745,0,0.062589376,0.126265624,0.144683399,0.149870228,0.15114911,0.156318022,0.170301297,0.183675827,0.203717529,0.226225294,0.251454508,0.276935882,0.304746968,0.333916385,0.363974065,0.392593242,0.420789153,0.447587377,0.475875383,0.504840342,-0.046493305,-0.023849746,-0.043628684,-0.073656935,-0.106698005,-0.133520291,-0.147410621,-0.161825082,-0.167393131,-0.170991473,-0.172186203,-0.174197727,-0.173276589,-0.170538175,-0.166442207,-0.165142158,-0.164908744,-0.167894883,-0.168132661,-0.167020121,0.282190821,0.190699954,0.282190821,NaN,0.062589376,0.126265624,0.144683399,0.149870228,0.15114911,0.156318022,0.170301297,0.183675827,0.203717529,0.226225294,0.251453425,0.276133611,0.301101712,0.325023153,0.347486249,0.366469047,0.38314341,0.396029164,0.408286914,0.416489939
