,P.BPP,P.BCE,P.MFM,P.0.5,TP.BPP,TP.BCE,TP.MFM,TP.AVG,TP.0.5,P.BPP,P.BCE,P.MFM,P.AVG,P.0.5,R.BPP,R.BCE,R.MFM,R.AVG,R.0.5,F.BPP,F.BCE,F.MFM,F.AVG,F.0.5,ACC.BPP,ACC.BCE,ACC.MFM,ACC.AVG,ACC.0.5,AUC,ER.BPP,ER.BCE,ER.MFM,ER.AVG,ER.0.5,AR0.05,AR0.1,AR0.15,AR0.2,AR0.25,AR0.3,AR0.35,AR0.4,AR0.45,AR0.5,AR0.55,AR0.6,AR0.65,AR0.7,AR0.75,AR0.8,AR0.85,AR0.9,AR0.95,AR1,CE0.05,CE0.1,CE0.15,CE0.2,CE0.25,CE0.3,CE0.35,CE0.4,CE0.45,CE0.5,CE0.55,CE0.6,CE0.65,CE0.7,CE0.75,CE0.8,CE0.85,CE0.9,CE0.95,CE1,POPT_BPP,POPT_BCE,POPT_MFM,POPT_0.5,POPT0.05,POPT0.1,POPT0.15,POPT0.2,POPT0.25,POPT0.3,POPT0.35,POPT0.4,POPT0.45,POPT0.5,POPT0.55,POPT0.6,POPT0.65,POPT0.7,POPT0.75,POPT0.8,POPT0.85,POPT0.9,POPT0.95,POPT1
closure2_all.csv-->closure3_all.csv,0.37783093,0.348111943,0.37783093,0,28,27,28,59.47043011,0,0.417910448,0.415384615,0.417910448,0.198161674,0,0.394366197,0.38028169,0.394366197,0.837611692,0,0.405797101,0.397058824,0.405797101,0.294240872,0,0.779569892,0.779569892,0.779569892,0.303431032,0.809139785,0.649759019,-0.102649449,-0.131363815,-0.102649449,-0.175557105,0,0.005048172,0.048252011,0.079635609,0.108949885,0.137552155,0.165068395,0.191490095,0.220392552,0.24982067,0.281455369,0.307148165,0.327356893,0.343668076,0.357110092,0.368378779,0.377961796,0.386211057,0.394318234,0.405681829,0.426281764,-0.110730347,-0.115266795,-0.122997819,-0.125336586,-0.124425175,-0.121763816,-0.118108113,-0.109568377,-0.099803434,-0.087409073,-0.084972617,-0.092318077,-0.107595142,-0.129778849,-0.158364165,-0.193208548,-0.234452205,-0.280514972,-0.324575195,-0.352171396,0.206768903,0.190377497,0.206768903,NaN,0.005048172,0.048252011,0.079635609,0.108949885,0.137552155,0.165068395,0.191490095,0.220392552,0.24982067,0.281455369,0.309533406,0.342398424,0.370474721,0.396780301,0.421397448,0.442979916,0.462112895,0.476815662,0.490447257,0.498410414
