"Estimate","Std. Error","z value","Pr(>|z|)"
"(Intercept)",-49.867378895544,118532.952043726,-0.000420704774796703,0.999664326165436
"avg_WMC",1.25555073899924,2789.83509125156,0.000450044786853684,0.999640916225021
"avg_NOC",-96.1867947229805,200694.131898218,-0.000479270588597785,0.999617597411551
