"Estimate","Std. Error","z value","Pr(>|z|)"
"(Intercept)",37.5449320018948,125439.807464502,0.000299306358649502,0.999761188081049
"avg_NOC",51.3754567791925,182539.301716743,0.000281448741701197,0.999775436397304
"avg_delta_WMC",5.69533889135232,14368.2623103798,0.000396383276441016,0.999683731911849
"avg_delta_CBO",-165.201033598634,353638.996577746,-0.000467145974276949,0.99962727145304
