"","CE0.1","CE0.2","CE0.5","CE1","POPT_BCE","POPT_BPP","POPT_MFM","POPT_0.5","POPT0.1","POPT0.2","POPT0.5","POPT1"
"lr",0.0117146038,0.0058117172,0.0686137012,0.1466721648,0.1963755163,0.088885648,0.0595118787,NA,0.0804077371,0.1211832106,0.3147859727,0.5733360824
"svm",-0.0499624225,-0.0976107148,-0.1632623777,-0.0900016796,0.183659454,0.3219621163,0.2622843531,NA,0.0225094219,0.0293867183,0.14413449,0.4549991602
"cart",0.0792352246,0.098995917,-0.00483641950000001,-0.4512547828,0.1696923187,0.1800391909,0.1696923187,NA,0.1433378694,0.2283590449,0.4217207282,0.6139860035
"rf",0.1828848837,0.2688699999,0.4966068495,0.6159302573,0.2245039926,0.2293460374,0.2162912491,NA,0.2383422181,0.3533189445,0.6297788621,0.8079651288
"naivebayes",0.0239184001,0.0512643854,0.0035216759,-0.0404004693,0.2255749528,0.2682260547,0.2707018498,NA,0.091170532,0.1611187812,0.2669010018,0.4797997653
"j48",0.0501578597,0.0497153715,-0.0160627881,-0.0192755413,0.1431274495,0.1917845501,NA,NA,0.1149336937,0.1594731263,0.2528725953,0.4970462975
