model.type, BPP, BCE, MFM
lr,0.000334248,0.000308988,0.000334248
rf,0.00025931,0.000266304,0.00030134
cart,0.000176801,0.000254642,0.000225195
j48,0.000256158,0.000186124,0.000256158
naivebayes,1.29E-15,1.08E-17,1.29E-15
svm,0.00057478,0.000449823,3.86E-05
