"","lr","naivebayes","rf","cart","j48","svm"
"1.math1.2S_all.csv",0.608120554514921,0.548844027802634,0.809254135462265,-0.51696610049646,0.111141557414795,0.412710196093195
"2.math1.2R_all.csv",0.359464385178736,0.18441523799587,0.126352807310772,-0.498323352577365,0.0200150940488773,-0.0552374318177587
"3.math2.0_all.csv",0.262962903849241,-0.0482843108729838,0.194937232466453,-0.395941114444787,0.0969811123741278,-0.121049799488419
"4.math2.1_all.csv",0.187200155004931,0.133359570972975,0.396863929645083,-0.189060068469081,0.0430084113667539,0.175013937257936
"5.math3.0_all.csv",0.156335796777892,0.172210066006488,0.236907895437242,-0.621415983665492,0.13080351767128,0.190478588471787
"6.math3.1_all.csv",0.636731519320679,0.246189959616626,-0.118521719860967,-1,0.712015223085634,0.718053132424392
"7.math3.1.1_all.csv",0.55024787682913,0.174372138961568,0.28409831501332,-0.363858794396791,0.335672488376535,0.34473349974791
"8.math3.2_all.csv",0.103681226554745,0.0172184785474461,0.49763669661358,-0.496738990647019,0.193608517325547,0.205007469505286
