"Estimate","Std. Error","z value","Pr(>|z|)"
"(Intercept)",-4.33869100731038,0.380509558924403,-11.4023180378823,4.07132083615809e-30
"WMC",0.0194533537877747,0.00725964341987859,2.67965692839773,0.0073697649613786
"delta_CBO",0.208559199151663,0.0705506004295291,2.95616476517428,0.00311490642004876
"changedsloc",0.0339287064647268,0.0121937922636093,2.78245731362691,0.00539489616444454
"churnsloc",-0.00266444390648801,0.00193152088538603,-1.37945384212374,0.16775486834726
