"Estimate","Std. Error","z value","Pr(>|z|)"
"(Intercept)",-4.42637546677373,0.317996111680966,-13.9195899074846,4.8165974209077e-44
"CBO",0.0874989903551559,0.0349609739886246,2.50276180473764,0.0123228447650121
"RFC",0.0198631083217323,0.0051116801968262,3.88582766466204,0.000101981836315139
"delta_WMC",0.0125083373162097,0.00358746215630537,3.48668132825452,0.000489053721997519
"delta_RFC",-0.011368074535089,0.007198222001707,-1.57928923731349,0.114269729371513
"deletedsloc",-0.0109933767184512,0.00630869476709106,-1.7425754651814,0.0814077987926195
"changedsloc",0.0175996120056071,0.00722089674692988,2.43731666888742,0.0147967151204323
"X.changed",1.8397820738877,1.1619385474004,1.58337295720487,0.113336482971235
