"Estimate","Std. Error","z value","Pr(>|z|)"
"(Intercept)",-4.70822536227727,0.316132522242522,-14.8932015247243,3.64871094051867e-50
"WMC",0.0128145087330364,0.00226559096058995,5.65614400655076,1.54811589473266e-08
"RFC",0.0144705119327206,0.00351495630274785,4.11683978017255,3.84102894725932e-05
"LCOM5",0.453648916356303,0.236972523162772,1.91435239116183,0.0555751443768129
"delta_CBO",0.075188026164997,0.0412402949752302,1.82316897127328,0.0682778030108477
"delta_RFC",-0.00799757509282411,0.00533526566911296,-1.49900222197441,0.133873055627074
"deletedsloc",-0.0042652137295019,0.00264362185861299,-1.6133978146707,0.106658107627289
"X.changed",3.3225700206238,0.867612392712967,3.82955574232214,0.00012837480288441
