version, Attr, sigAttr,Residual.deviance, df.residual, null.deviance, df.null, AIC, iter, theta, std.err, 2loglik
math1.2_all.csv,4,4,82.184370780905,235,101.090691973599,239,92.184370780905,6,,, 
math2.0_all.csv,5,4,72.0831700250498,288,106.50089573558,293,84.0831700250498,7,,, 
math2.1_all.csv,7,7,142.787347329438,430,234.105742076682,437,158.787347329438,7,,, 
math3.0_all.csv,6,5,116.467749817174,504,155.814292297831,510,130.467749817174,7,,, 
math3.1_all.csv,8,7,132.30409124736,567,199.532398175052,575,150.30409124736,7,,, 
