"","CE0.1","CE0.2","CE0.5","CE1","POPT_BCE","POPT_BPP","POPT_MFM","POPT_0.5","POPT0.1","POPT0.2","POPT0.5","POPT1"
"lr",0.0482413972,0.0917818658666667,0.1577426616,0.212608771133333,0.293637609333333,0.294622178066667,0.115178082466667,NA,0.109413579933333,0.1944075946,0.3784819188,0.606309381733333
"svm",0.0132775994,0.0475234848,0.125785061266667,0.2081752264,0.1097378922,0.1814589728,0.1647511756,NA,0.0774688006666667,0.156183546933333,0.355561507266667,0.6045781044
"cart",0.0444085067333333,0.0632796714,-0.00771185186666667,-0.438810584866667,0.1806367636,0.198924144,0.198924144,NA,0.1052565588,0.168346861866667,0.299880153466667,0.539907142866667
"rf",0.0574408519333333,0.109077342333333,0.198470671933333,0.2851111818,0.199257349266667,0.199257349266667,0.109593814266667,NA,0.117579929666667,0.2091674812,0.408030288666667,0.6429667202
"naivebayes",0.0070662798,0.0048755314,0.00664388646666667,0.0241319696,0.233499637333333,0.280791361066667,0.258211263866667,NA,0.0711490484666667,0.117188296266667,0.2665584228,0.5121911748
"j48",0.0640897378666667,0.0958877161333333,0.160371557533333,0.193098867733333,0.2143521466,0.1219446424,0.0533146325333333,NA,0.124995244533333,0.1985729516,0.381411243466667,0.6038497346
