"","lr","naivebayes","rf","cart","j48","svm"
"2.lang2.3_all.csv",-0.201836188823827,-0.347881876671727,0.406039904576014,-0.702034988794911,-0.220414949757825,0.237602110894238
"3.lang2.4_all.csv",-0.233796995916302,-0.498457191455863,-0.328586590568836,-0.720340472190788,-0.665530353615935,-0.404679735438207
"4.lang2.5_all.csv",0.553737772732221,-0.0868855263362518,-0.437786728457459,-1,-0.0839307652831128,-0.12010326112312
"5.lang3.0b_all.csv",0.0682480938154902,0.000187274267623696,-0.0911847326882775,-1,-0.458153119008338,0.103241628394346
"6.lang3.0_all.csv",0.870693750629832,-0.564833076601932,0.558527561435584,0.254279256582641,0.67600017275384,0.275038509710205
"7.lang3.0.1_all.csv",0.85361165981528,-0.099247237200363,0.895147082376809,0.823607922694998,-1,-0.137152314345203
"8.lang3.1_all.csv",0.422923319929093,0.345601776809055,0.322046641237696,0.3073962435939,-0.127873692051952,0.314052379999862
