"Estimate","Std. Error","z value","Pr(>|z|)"
"(Intercept)",-3.62657279534963,0.527756727078262,-6.87167516637232,6.34523128889744e-12
"SLOC",0.00235009278954778,0.000885247387392575,2.65472999188372,0.00793719118188598
"changedsloc",-0.052436920507916,0.0370312420709816,-1.41601840973643,0.156770114452096
"X.changed",38.4877128542875,13.8758074364932,2.77372780145862,0.00554180255950031
