"Estimate","Std. Error","z value","Pr(>|z|)"
"(Intercept)",-3.44635385987446,0.323773959948713,-10.6443206872485,1.85331123508837e-26
"SLOC",0.00594027337674133,0.00135514106212171,4.38350924695677,1.16782689509226e-05
"RFC",-0.0416807503039096,0.0125854378063566,-3.31182362864307,0.000926899619728531
"deletedsloc",-0.0697866443300072,0.0290806499846137,-2.3997621912485,0.0164057261197969
"changedsloc",0.0854587420485991,0.0220176625883334,3.88137213501862,0.000103868759248726
