"Estimate","Std. Error","z value","Pr(>|z|)"
"(Intercept)",-3.36586256388773,0.27669909196968,-12.1643426435839,4.81304226112563e-34
"SLOC",0.00539489946614146,0.00109859881828482,4.91070932932935,9.07475227998897e-07
"RFC",-0.0306889121529825,0.0087491814580334,-3.50763237683273,0.000452113352534727
"changedsloc",0.0283297178741709,0.00947212526899458,2.99085126828965,0.00278200957164331
