"Estimate","Std. Error","z value","Pr(>|z|)"
"(Intercept)",-3.49055244131552,0.265949449083413,-13.1248718632266,2.37183601209512e-39
"SLOC",0.00488244754649907,0.0010427142596337,4.68244056450735,2.83479396579911e-06
"RFC",-0.0299442402468302,0.00874134100369574,-3.42558884662778,0.000613468256786417
"changedsloc",0.0325779907799134,0.00982717297341701,3.3150928418619,0.000916126921605136
"addedsloc",0.00251226515449968,0.00183132103692202,1.37183219318124,0.170115682865231
