"Estimate","Std. Error","z value","Pr(>|z|)"
"(Intercept)",-3.50123708965985,0.266242875225692,-13.1505381569061,1.68967553758474e-39
"SLOC",0.00483071435255843,0.00103673683608517,4.6595376805552,3.16920380335593e-06
"RFC",-0.0295814566187933,0.00870507868287988,-3.39818371509617,0.000678348500374943
"changedsloc",0.0326907394508232,0.00982750692220836,3.3264529559321,0.000879588659923431
"addedsloc",0.00254753054582248,0.00183459571415788,1.38860596160929,0.164952603544922
