version, Attr, sigAttr,Residual.deviance, df.residual, null.deviance, df.null, AIC, iter, theta, std.err, 2loglik
lang2.2_all.csv,2,3,34.0496903517337,72,41.8154057652881,74,40.0496903517337,6,,, 
lang2.3_all.csv,3,3,69.1553819811397,156,85.2430282457345,159,77.1553819811397,6,,, 
lang2.4_all.csv,3,4,107.1087356384,233,146.480286855391,236,115.1087356384,6,,, 
lang2.5_all.csv,4,4,126.470059091317,313,175.139739320781,317,136.470059091317,6,,, 
lang3.0.1_all.csv,4,5,136.025862763392,415,195.028420969139,419,146.025862763392,7,,, 
lang3.0_all.csv,4,4,165.85258434655,509,228.675484286481,513,175.85258434655,6,,, 
lang3.0b_all.csv,4,4,206.556814565779,596,272.484671547001,600,216.556814565779,6,,, 
