"","lr","naivebayes","rf","cart","j48","svm"
"1.lang2.2_all.csv",0.370726517957942,0.134890242427504,0.205396315567383,-0.379409751376449,-0.189733292211102,-0.02455972241777
"2.lang2.3_all.csv",0.187791376660845,0.205373916295891,0.288213623175372,-0.731702477787923,0.171501641941921,0.0698267764333185
"3.lang2.4_all.csv",-0.0608505760533646,-0.0251781322588402,0.258459081576196,0.19613900165949,0.139250265807339,-0.428600312569608
"4.lang2.5_all.csv",0.192428007638051,-0.61989495235437,0.0380119883051117,0.245065028853911,-0.647380533336705,0.143157764564073
"5.lang3.0b_all.csv",-0.227141608896546,0.200551744492679,0.477839493490796,0.0190766527612103,0.397902584005238,0.185333194682219
"6.lang3.0_all.csv",0.37744687889876,-0.562578742940431,0.687204331583627,-0.579133279996611,-0.0727028363323533,0.141789467229027
"8.lang3.1_all.csv",0.63087276920653,0.331560319087556,0.545569368710484,0.267725587693254,0.0095520164353082,0.40705246205584
