"","lr","naivebayes","rf","cart","j48","svm"
"1.lang2.2_all.csv",0.461045234958278,0.531126482213439,0.559129336846728,0.537214536671058,0.356164909969258,0.245191040843215
"2.lang2.3_all.csv",0.489150047483381,0.390265906932574,0.648195631528965,0.476602564102564,0.247127255460589,0.215883190883191
"3.lang2.4_all.csv",0.540533910533911,0.503924963924964,0.753160173160173,0.825678210678211,0.768780663780664,0.0852813852813853
"4.lang2.5_all.csv",0.491025641025641,0.11386514719848,0.50519943019943,0.781623931623932,0.290645773979107,0.36633428300095
"5.lang3.0b_all.csv",0.129166666666667,0.407738095238095,0.786011904761905,0.745535714285714,0.847916666666667,0.307142857142857
"6.lang3.0_all.csv",0.642777777777778,0.226111111111111,0.744166666666667,0.563611111111111,0.441111111111111,0.386111111111111
"8.lang3.1_all.csv",0.689396654719235,0.582798685782557,0.632180406212664,0.75179211469534,0.448966547192354,0.409892473118279
