"Estimate","Std. Error","z value","Pr(>|z|)"
"(Intercept)",-1.18667448707104,0.299833152297293,-3.95778278011905,7.56487040078874e-05
"deletedsloc",0.134239322020478,0.121942693033379,1.10083940809584,0.270966556971469
"changedsloc",0.0904277916429312,0.0315671399785876,2.86461781790398,0.00417512806313175
"X.deleted",-11.7074814020084,16.9128837543991,-0.692222661257472,0.48879750964619
