"Estimate","Std. Error","z value","Pr(>|z|)"
"(Intercept)",-2.4824835361369,0.463876912421584,-5.35159968013402,8.7180092713528e-08
"RFC",0.0239342546871188,0.00522083624690396,4.58437184298055,4.55353269519973e-06
"LCOM5",0.814665002720742,0.413014475729138,1.97248535001716,0.0485542270784763
"DIT",-0.592271794909203,0.308883091075701,-1.91746266474667,0.0551791797556679
"delta_WMC",-0.0622401719935872,0.0268496618351388,-2.31809891594731,0.0204439458223023
"delta_CBO",0.287872184222887,0.127665560573884,2.25489304185748,0.0241400431811237
"delta_DIT",1.46014386864047,0.66697945425634,2.18918867638657,0.0285831293404817
