"Estimate","Std. Error","z value","Pr(>|z|)"
"(Intercept)",-4.91149268297358,0.623325837856393,-7.8794947757406,3.28707439011529e-15
"WMC",0.0187336332580706,0.00749488685447228,2.49952182358724,0.0124361039143427
"RFC",0.0176639731942611,0.00848412128113005,2.08200385272053,0.0373421178116098
"delta_CBO",0.239313014728923,0.11549506992785,2.07206259867562,0.0382596037345034
"addedsloc",-0.00385648379829541,0.00229268968670912,-1.68207839929307,0.0925536383911084
