"Estimate","Std. Error","z value","Pr(>|z|)"
"(Intercept)",-5.17868472509924,0.611198110532356,-8.47300512854758,2.39142049986218e-17
"CBO",0.150692827432313,0.054923551534895,2.74368323280355,0.00607541316353647
"RFC",0.0204465536350662,0.00574151222624573,3.56117915095616,0.000369193062266603
"LCOM5",0.625378686132084,0.3963958123033,1.57766219198496,0.114643236461901
"delta_CBO",-0.134797695192112,0.0855210512745274,-1.57619314991116,0.114981296720076
"addedsloc",0.00456280939002758,0.00174417983768339,2.61602002926939,0.00889613389608184
"X.changed",3.30107401554476,1.46022722902432,2.26065775923822,0.0237804580873031
