"Estimate","Std. Error","z value","Pr(>|z|)"
"(Intercept)",-4.29032570519101,0.432221081361987,-9.9262296315386,3.20132253062052e-23
"WMC",0.0109333856302065,0.0033147598606977,3.29839448095199,0.000972394195609213
"RFC",0.00982225284618827,0.00522930733823267,1.87830858101904,0.0603389633526723
