"Estimate","Std. Error","z value","Pr(>|z|)"
"(Intercept)",-4.04173397005106,0.796987226000713,-5.07126568431029,3.95178614736486e-07
"CBO",0.097037935730154,0.0619404049993491,1.56663385929062,0.117200298757336
"changedsloc",0.0673029525501792,0.031843697882686,2.11354073255334,0.0345545125062564
