"Estimate","Std. Error","z value","Pr(>|z|)"
"(Intercept)",-4.55035760493476,0.686377616803041,-6.62952505084457,3.36768681682234e-11
"SLOC",0.00151965409812915,0.000902615681890923,1.6836114512719,0.0922567841966862
"CBO",0.080097040892914,0.0536303977887058,1.49350077932448,0.135306150411584
"changedsloc",0.0580520642116926,0.0309840177822843,1.87361318404887,0.0609837595443119
