"Estimate","Std. Error","z value","Pr(>|z|)"
"(Intercept)",-5.44092314404124,0.700675314008809,-7.76525593989006,8.14805197745846e-15
"SLOC",0.00219809286557588,0.000695552008460464,3.1602135265789,0.00157653554268227
"CBO",0.11364925980386,0.046079489926901,2.46637408495948,0.0136488706580843
"X.changed",38.1835876854706,8.66168596340042,4.40833203221794,1.04169762178172e-05
