"","lr","nb","svm","j48","cart","rf","avg_c"
"time2.1_all.csv",0.0933085715694412,-0.536045623002145,-0.241040980171415,0.31927062361845,-1,0.499149499149499,-0.144226318139362
"time2.2_all.csv",0.0962742009673417,-0.323320742093305,0.149561629706034,0.0092273810685362,-0.322177773441311,0.731764771475963,0.0568882446138765
"time2.3_all.csv",0.414640110860528,-0.150082873678776,0.31629215009646,0.358625655517213,-0.354835203651876,0.754041790071462,0.223113604869168
"time2.4_all.csv",0.0877968960298446,0.156265183373264,0.124432455978689,0.179486320304254,-0.274872808707647,0.734314004724647,0.167903675283842
"avg",0.173004944856789,-0.21329601385024,0.087311313902442,0.216652495127113,-0.487971446450209,0.679817516355393,0.0759198016568813
