"Estimate","Std. Error","z value","Pr(>|z|)"
"(Intercept)",-2.79799777892723,0.601032372330465,-4.65531959298327,3.23478543392419e-06
"WMC",0.0549045999544693,0.0174799912937802,3.14099698516473,0.0016837376563361
"CBO",0.164799012878485,0.0939429303609824,1.75424603262037,0.0793883586498324
"delta_CBO",0.346365152098474,0.160464365981342,2.1585175623275,0.0308876144615768
"churnsloc",-0.0118961737682559,0.00424117731653166,-2.80492252042515,0.00503286761192212
