"Estimate","Std. Error","z value","Pr(>|z|)"
"(Intercept)",-1.84912742114634,0.438517217513185,-4.21677267686928,2.47823574347376e-05
"SLOC",0.00570776372953754,0.00242223246167905,2.35640625738333,0.0184527244344794
"CBO",-0.121970103056779,0.0684793949748878,-1.78112121319861,0.0748926509524755
"addedsloc",0.0193970318514946,0.00737604553829584,2.62973320199648,0.00854519012745523
"changedsloc",0.0789664517283689,0.0313353905826867,2.52004044819531,0.0117341349484028
