version, Attr, sigAttr,Residual.deviance, df.residual, null.deviance, df.null, AIC, iter, theta, std.err, 2loglik
math1.2_all.csv,3,2,86.4237618369028,87,124.289275055486,90,94.4237618369028,10,,, 
math2.0_all.csv,4,4,79.3068240804196,86,124.289275055486,90,89.3068240804196,5,,, 
math2.1_all.csv,9,9,172.212394850783,221,315.503544371618,230,192.212394850783,8,,, 
math3.0_all.csv,4,4,123.936863111394,121,172.092842384519,125,133.936863111394,6,,, 
math3.1_all.csv,6,6,153.801769658687,161,229.457123179358,167,167.801769658687,7,,, 
