"","CE0.1","CE0.2","CE0.5","CE1","POPT0.1","POPT0.2","POPT0.5","POPT1"
"lm",0.040858081,0.0230753103333333,-0.0042662034,-0.0581545339333333,0.151881197266667,0.1874122382,0.3091912062,0.470922733133333
"svm",0.026234113,0.0592154844666667,0.161145574,0.211187541733333,0.141527407666667,0.218945850666667,0.4227529348,0.605593770933333
"cart",0.0730555078666667,0.100754827933333,0.173700508866667,0.129022625933333,0.180078364866667,0.2519836222,0.431601538066667,0.5882692582
"rf",0.0581688614666667,0.0760206325333333,0.171430039066667,0.220025144266667,0.1695617404,0.2326687736,0.4296906408,0.6100125722
