"Estimate","Std. Error","z value","Pr(>|z|)"
"(Intercept)",-0.497169660654166,0.257171547148163,-1.93322187531008,0.0532088710734553
"WMC",0.00938263836474537,0.00339160124680753,2.76643322194114,0.00566731906171792
"DIT",-0.22085306103177,0.126488631593255,-1.74603091400307,0.080805580201436
"delta_WMC",0.0147019144948349,0.00562078746665286,2.61563252160997,0.00890623526293939
"delta_RFC",-0.0147044083971911,0.00516679715993781,-2.845942649192,0.00442801690233025
"changedsloc",0.00848813590103596,0.003657839088037,2.32053288751725,0.0203120679617469
"X.changed",2.73380579205541,0.956627986085326,2.85775226296962,0.00426653350298765
