"Estimate","Std. Error","z value","Pr(>|z|)"
"(Intercept)",-2.03445166559455,0.289017660192031,-7.03919498982454,1.933536340166e-12
"WMC",0.011476982830871,0.00236545447756833,4.85191447973634,1.22275350946082e-06
"CBO",0.144571968559907,0.0359668438502195,4.0195900747356,5.82994896958062e-05
"RFC",0.0123982023874991,0.00291756885840997,4.24949778023609,2.14250332212479e-05
"delta_CBO",0.144936766310593,0.0387867294706035,3.73676172981896,0.000186405407636836
"X.WMC",-0.884578471236504,0.330143983183077,-2.67937177805834,0.00737604468915322
