"Estimate","Std. Error","z value","Pr(>|z|)"
"(Intercept)",-3.24730012436883,0.651024955516521,-4.98798102415665,6.10135599210447e-07
"delta_WMC",0.154178161499891,0.0531222512535706,2.90232732728036,0.00370401293414232
"Estimate","Std. Error","z value","Pr(>|z|)"
"(Intercept)",-3.24730012436883,0.651024955516521,-4.98798102415665,6.10135599210447e-07
"delta_WMC",0.154178161499891,0.0531222512535706,2.90232732728036,0.00370401293414232
