"Estimate","Std. Error","z value","Pr(>|z|)"
"(Intercept)",-2.71059673240294,0.317105359485562,-8.5479373063903,1.25307748064247e-17
"SLOC",0.005906854163257,0.00130964224141386,4.51028072894174,6.47418912212463e-06
"RFC",-0.0383968176442234,0.0113865900052759,-3.3721085616003,0.000745950387829416
"changedsloc",0.0589269236508412,0.0208382773644973,2.82782125509263,0.00468659660827159
"Estimate","Std. Error","z value","Pr(>|z|)"
"(Intercept)",-2.71059673240294,0.317105359485562,-8.5479373063903,1.25307748064247e-17
"SLOC",0.005906854163257,0.00130964224141386,4.51028072894174,6.47418912212463e-06
"RFC",-0.0383968176442234,0.0113865900052759,-3.3721085616003,0.000745950387829416
"changedsloc",0.0589269236508412,0.0208382773644973,2.82782125509263,0.00468659660827159
