"Estimate","Std. Error","z value","Pr(>|z|)"
"(Intercept)",-2.90043311201802,0.286262018886968,-10.1320920019196,3.9804086324558e-24
"SLOC",0.005117200612735,0.00111727417752609,4.5800759703099,4.64807064451578e-06
"RFC",-0.0275781149182275,0.00860696231909972,-3.20416354757693,0.00135455506903922
"changedsloc",0.0222307621439247,0.00961908849030619,2.3111090168604,0.0208268340663864
"Estimate","Std. Error","z value","Pr(>|z|)"
"(Intercept)",-2.90043311201802,0.286262018886968,-10.1320920019196,3.9804086324558e-24
"SLOC",0.005117200612735,0.00111727417752609,4.5800759703099,4.64807064451578e-06
"RFC",-0.0275781149182275,0.00860696231909972,-3.20416354757693,0.00135455506903922
"changedsloc",0.0222307621439247,0.00961908849030619,2.3111090168604,0.0208268340663864
