version, Attr, sigAttr,Residual.deviance, df.residual, null.deviance, df.null, AIC, iter, theta, std.err, 2loglik
lang2.2_all.csv,1,2,37.200273143999,71,54.5200013455752,72,41.200273143999,7,,, 
lang2.3_all.csv,1,2,95.6821780793456,158,99.5613295397917,159,99.6821780793456,5,,, 
lang2.4_all.csv,3,4,128.874789142506,240,173.894369253712,243,136.874789142506,6,,, 
lang2.5_all.csv,3,4,163.581299482896,322,204.834425732521,325,171.581299482896,6,,, 
lang3.0_all.csv,4,4,203.085272708548,415,264.173449076385,419,213.085272708548,6,,, 
