"Estimate","Std. Error","z value","Pr(>|z|)"
"(Intercept)",-4.95388052335262,0.609700958937839,-8.12509878938484,4.46998191682128e-16
"SLOC",0.00274260259774974,0.00084036641352473,3.26357949771755,0.00110014314959229
"CBO",0.0492515264275011,0.0286993108845958,1.71612226598572,0.0861396667421581
"deletedsloc",0.298496377379808,0.184225616564169,1.62027617519649,0.105172964390773
"changedsloc",-0.078783785847647,0.0551352463917743,-1.42891872265943,0.153027595499406
"X.changed",31.4238037921622,12.6900362674655,2.47625799720731,0.0132767598659724
