version, Attr, sigAttr,Residual.deviance, df.residual, null.deviance, df.null, AIC, iter, theta, std.err, 2loglik
time2.0_all.csv,2,2,51.6356697737859,131,60.6069611681944,133,57.6356697737859,6,,, 
time2.1_all.csv,4,3,71.6557877954616,262,97.9086159600239,266,81.6557877954616,9,,, 
time2.2_all.csv,5,3,107.727514805131,390,146.446660140878,395,119.727514805131,7,,, 
time2.3_all.csv,4,4,142.796104243617,529,189.660300888561,533,152.796104243617,7,,, 
