"","lr","naivebayes","rf","cart","j48","svm"
"time2.1_all.csv",0.792307692307692,0.732692307692308,0.859615384615385,0.671153846153846,0.5,0.0653846153846154
"time2.2_all.csv",0.907552083333333,0.698567708333333,0.817708333333333,0.645833333333333,0.417317708333333,0.735677083333333
"time2.3_all.csv",0.896923076923077,0.773846153846154,0.905384615384615,0.558461538461538,0.415384615384615,0.136923076923077
"time2.4_all.csv",0.729007633587786,0.791984732824427,0.673664122137405,0.57824427480916,0.63263358778626,0.423664122137405
