"","lr","naivebayes","rf","cart","j48","svm"
"time2.1_all.csv",0.352722192546329,-0.00424867485721325,0.43859966306447,-0.186769116982373,-1,-0.618161646875128
"time2.2_all.csv",0.362997951761903,-0.0154244868954563,0.28535997436219,-0.468684250860399,-0.981816661789909,0.167941590380248
"time2.3_all.csv",0.399437622256031,0.220835144533797,0.512442947185395,-0.735451532275592,-0.797082156053032,-0.511913171049772
"time2.4_all.csv",-0.14663671115284,0.018431582947712,-0.269074285203317,-0.205597657210561,-0.373158518319809,-0.144680660809693
