,Estimate,Std. Error,z value,Pr(>|z|)
(Intercept),-3.380732069,1.730843802,-1.953227706,0.05079262
avg_SLOC,0.008071406,0.004648505,1.736344604,0.082502921
avg_CBO,0.376613178,0.233488015,1.612987195,0.10674729
