"Estimate","Std. Error","z value","Pr(>|z|)"
"(Intercept)",-59.9838772190765,132048.74603684,-0.000454255561066377,0.999637556513631
"avg_CBO",30.1491035230811,57887.6781813648,0.00052082074234559,0.999584445189523
"avg_LCOM5",-71.2017070517422,126098.38308738,-0.000564652022559264,0.999549472892914
"avg_delta_WMC",0.737961142284481,2942.83159524263,0.000250765671905067,0.999799917944105
