"Estimate","Std. Error","z value","Pr(>|z|)"
"(Intercept)",-2.46523166610267,1.12381619410823,-2.19362532683459,0.028262356115387
"max_SLOC",0.00364320953012312,0.00153262574976259,2.37710317126505,0.017449206825645
