"Estimate","Std. Error","z value","Pr(>|z|)"
"(Intercept)",-2.38684532932722,1.08170395237109,-2.20656060662003,0.0273447716696747
"max_X.changed",5.24187235643456,2.94157202384192,1.78199694379343,0.0747497301218137
"sum_WMC",0.00888606089371443,0.00469253242773057,1.89365998649304,0.0582701557026328
"sum_RFC",-0.00855988172212222,0.00511751034224414,-1.6726652511988,0.0943932135780669
