"Estimate","Std. Error","z value","Pr(>|z|)"
"(Intercept)",-3.77608780229206,1.41385477870849,-2.67077486256501,0.00756763853097455
"max_DIT",1.65963251840073,0.89915453220105,1.84577006394896,0.0649255990264783
"max_changedsloc",-0.0457447438874668,0.0313169365941638,-1.46070302086928,0.144096959682097
"sum_WMC",0.0113802964187863,0.00435321265123073,2.61422938196435,0.00894289740949169
"sum_RFC",-0.0148630171305742,0.00573324159648793,-2.59242818926015,0.00953010748185796
"sum_changedsloc",0.0534596845866204,0.0268492034412707,1.99110877548218,0.0464689299022953
