version, Attr, sigAttr,Residual.deviance, df.residual, null.deviance, df.null, AIC, iter, theta, std.err, 2loglik
module_lang2.2_all.csv,3,0,4.49996484501663e-10,4,10.5850118105277,7,8.00000000045,24,,, 
module_lang2.3_all.csv,5,0,4.09846778535137e-09,10,21.9300546328467,15,12.0000000040985,25,,, 
module_lang2.4_all.csv,1,2,23.363962305498,22,33.2710646668774,23,27.363962305498,5,,, 
module_lang2.5_all.csv,3,1,31.5731577330172,30,46.0696195025121,33,39.5731577330172,6,,, 
module_lang3.0_all.csv,5,4,37.5036735660961,40,62.3711365044382,45,49.5036735660961,7,,, 
