,P.BPP,P.BCE,P.MFM,P.0.5,TP.BPP,TP.BCE,TP.MFM,TP.AVG,TP.0.5,P.BPP,P.BCE,P.MFM,P.AVG,P.0.5,R.BPP,R.BCE,R.MFM,R.AVG,R.0.5,F.BPP,F.BCE,F.MFM,F.AVG,F.0.5,ACC.BPP,ACC.BCE,ACC.MFM,ACC.AVG,ACC.0.5,AUC,ER.BPP,ER.BCE,ER.MFM,ER.AVG,ER.0.5,AR0.05,AR0.1,AR0.15,AR0.2,AR0.25,AR0.3,AR0.35,AR0.4,AR0.45,AR0.5,AR0.55,AR0.6,AR0.65,AR0.7,AR0.75,AR0.8,AR0.85,AR0.9,AR0.95,AR1,CE0.05,CE0.1,CE0.15,CE0.2,CE0.25,CE0.3,CE0.35,CE0.4,CE0.45,CE0.5,CE0.55,CE0.6,CE0.65,CE0.7,CE0.75,CE0.8,CE0.85,CE0.9,CE0.95,CE1,POPT_BPP,POPT_BCE,POPT_MFM,POPT_0.5,POPT0.05,POPT0.1,POPT0.15,POPT0.2,POPT0.25,POPT0.3,POPT0.35,POPT0.4,POPT0.45,POPT0.5,POPT0.55,POPT0.6,POPT0.65,POPT0.7,POPT0.75,POPT0.8,POPT0.85,POPT0.9,POPT0.95,POPT1
1.closure3_all.csv-->2.closure2_all.csv,0.200126592,0.17840019,0.226394493,0,4,4,5,7.260869565,0,0.028169014,0.03125,0.033112583,0.034696389,0,0.2,0.2,0.25,0.363043478,0,0.049382716,0.054054054,0.058479532,0.062897066,0,0.484949833,0.531772575,0.461538462,0.480005816,0.933110368,0.351433692,-0.200759554,-0.070401139,-0.086693568,-0.195253603,0,0,0.021903092,0.081551807,0.111111856,0.144135889,0.214280957,0.276303309,0.32371981,0.361615199,0.394982305,0.422286409,0.448414998,0.47690209,0.502423443,0.527985893,0.553984063,0.576875004,0.599291277,0.619888132,0.639946475,-0.070023177,-0.07588299,-0.036465575,-0.028304492,-0.016725704,0.039690198,0.08869065,0.121479604,0.14344456,0.160490685,0.169939153,0.178262402,0.190818043,0.199562513,0.209069414,0.220136384,0.226506111,0.232553871,0.235530766,0.23766608,0.11115949,0.101516264,0.121340506,NaN,0,0.021903092,0.081551807,0.111111856,0.144135889,0.214280957,0.276303309,0.32371981,0.361615199,0.394982305,0.422286409,0.448414998,0.47690209,0.502423443,0.527985893,0.553984063,0.576191933,0.595715298,0.610521008,0.61883304
