,P.BPP,P.BCE,P.MFM,P.0.5,TP.BPP,TP.BCE,TP.MFM,TP.AVG,TP.0.5,P.BPP,P.BCE,P.MFM,P.AVG,P.0.5,R.BPP,R.BCE,R.MFM,R.AVG,R.0.5,F.BPP,F.BCE,F.MFM,F.AVG,F.0.5,ACC.BPP,ACC.BCE,ACC.MFM,ACC.AVG,ACC.0.5,AUC,ER.BPP,ER.BCE,ER.MFM,ER.AVG,ER.0.5,AR0.05,AR0.1,AR0.15,AR0.2,AR0.25,AR0.3,AR0.35,AR0.4,AR0.45,AR0.5,AR0.55,AR0.6,AR0.65,AR0.7,AR0.75,AR0.8,AR0.85,AR0.9,AR0.95,AR1,CE0.05,CE0.1,CE0.15,CE0.2,CE0.25,CE0.3,CE0.35,CE0.4,CE0.45,CE0.5,CE0.55,CE0.6,CE0.65,CE0.7,CE0.75,CE0.8,CE0.85,CE0.9,CE0.95,CE1,POPT_BPP,POPT_BCE,POPT_MFM,POPT_0.5,POPT0.05,POPT0.1,POPT0.15,POPT0.2,POPT0.25,POPT0.3,POPT0.35,POPT0.4,POPT0.45,POPT0.5,POPT0.55,POPT0.6,POPT0.65,POPT0.7,POPT0.75,POPT0.8,POPT0.85,POPT0.9,POPT0.95,POPT1
1.closure3_all.csv-->2.closure2_all.csv,0.415301844,0.393670385,0.210934409,0,13,13,5,12.39799331,0,0.1,0.104,0.061728395,0.069709717,0,0.65,0.65,0.25,0.619899666,0,0.173333333,0.179310345,0.099009901,0.123365859,0,0.585284281,0.602006689,0.695652174,0.513875684,0.933110368,0.626612903,0.413691515,0.444230044,0.276796311,-0.024429821,0,0,0.000690049,0.047983133,0.098182231,0.15923934,0.219633886,0.27147158,0.327595955,0.375485567,0.416907198,0.456660862,0.491688295,0.524920137,0.55795993,0.589573006,0.617025743,0.641036198,0.662213613,0.681031468,0.697863303,-0.070023177,-0.099216825,-0.074347706,-0.043262044,0.001216475,0.046232575,0.082606334,0.126514903,0.162055182,0.190913186,0.219328484,0.242729882,0.265097325,0.288902507,0.31226788,0.330365432,0.343796017,0.353064108,0.358500353,0.360292189,0.343653571,0.320532591,0.109149127,NaN,0,0.000690049,0.047983133,0.098182231,0.15923934,0.219633886,0.27147158,0.327595955,0.375485567,0.416907198,0.456660862,0.491688295,0.524920137,0.55795993,0.589573006,0.617025743,0.640456705,0.659199161,0.673171104,0.680146095
