"","lm","svm","cart","rf","avg_c"
"module_math2.0_all.csv",-0.0834362729959853,0.0363082895839766,-0.00774253319804115,0.102406582256143,0.0118840164115233
"module_math2.1_all.csv",0.104172324713992,0.297854181819485,0.21034464226212,0.299859190758901,0.228057584888624
"module_math3.0_all.csv",0.059431067370691,0.194494973230494,-0.0898183728195063,0.0769118771827974,0.060254886241119
"module_math3.1_all.csv",0.0668811389927688,0.496568136502715,0.265851120524106,0.481030569772036,0.327582741447906
"module_math3.2_all.csv",-0.192629879834997,0.0769653853051953,-0.0744257786811742,0.097287020984038,-0.0232008130567345
"avg",-0.0091163243507061,0.220438193288373,0.0608418156175009,0.211499048190783,0.120915683186488
