"","CE0.1","CE0.2","CE0.5","CE1","POPT0.1","POPT0.2","POPT0.5","POPT1"
"lm",-0.0943079708,-0.02141913,0.0638034782666667,-0.0171298175333333,0.244027971066667,0.325394090533333,0.452031807266667,0.491435091266667
"svm",-0.0985445864666667,-0.0280593630666667,0.1573355394,0.0877725250666667,0.2999835072,0.370278278133333,0.528218104133333,0.5438862624
"cart",-0.095006951,-0.0183175202666667,0.142304594533333,0.0257703519333333,0.297094547,0.373881441933333,0.528804893933333,0.537834308533333
"rf",-0.0976068854666667,-0.0279405686666667,0.0512600886666667,0.0363469152666667,0.2996439598,0.369733745066667,0.470861160733333,0.518173457733333
