,CE0.1,CE0.2,CE0.5,CE1,POPT_BCE,POPT_BPP,POPT_MFM,POPT0.1,POPT0.2,POPT0.5,POPT1
lr,0.02806333,-0.002226345,-0.017771486,-0.041716866,0.198170496,0.248699594,0.244639606,0.131683809,0.150267101,0.283443364,0.479141567
svm,0.129882057,0.082723597,0.063505918,0.079756277,0.212470163,0.219385055,0.257630814,0.223954728,0.224132409,0.342701783,0.539878138
cart,-0.032511313,0.028396219,0.013737596,-0.257741906,0.199208706,0.1839621,0.179178009,0.079164123,0.175285764,0.329219686,0.51646511
rf,0.062634085,0.054898967,0.063715046,0.045513137,0.222558889,0.211364903,0.209885386,0.162780854,0.198020091,0.339156427,0.524864393
naivebayes,0.067079193,0.032380844,0.003886208,0.017734694,0.219134157,0.201084255,0.341470732,0.166823982,0.180358656,0.298780401,0.508867347
j48,0.015014244,0.049046891,0.072780402,0.024708959,0.210199416,0.159357811,0.127170714,0.119779252,0.191721265,0.351487112,0.565388326
