"","lm","svm","cart","rf","avg_c"
"module_lang2.3_all.csv",0.959050096500797,0.231446073436507,0.231446073436507,0.231446073436507,0.41334707920258
"module_lang2.4_all.csv",0.518997021012219,-0.498860975260064,-0.654437417360967,-0.782071909897567,-0.354093320376595
"module_lang2.5_all.csv",-0.299892078566803,-0.395121951219512,-0.362313835527736,-0.253615368012087,-0.327735808331534
"module_lang3.0_all.csv",-0.664058197311643,0.221029952006585,0.432455168824252,0.0512192022078183,0.0101615314317531
"module_lang3.1_all.csv",0.102208353025722,0.530075942483118,0.866411151179277,0.677208838591471,0.543976071319897
"avg",0.123261038932058,0.0177138082893268,0.102712228110267,-0.0151626327347716,0.0571311106492201
