"Estimate","Std. Error","z value","Pr(>|z|)"
"(Intercept)",-6.84524212356518,1.88521189808943,-3.6310200092109,0.000282303294330455
"SLOC",0.00499295235327811,0.00197207399892349,2.53182809367379,0.0113469606037198
"X.changed",117.851704514876,46.5509980706495,2.53166869453614,0.0113521196154907
