"Estimate","Std. Error","z value","Pr(>|z|)"
"(Intercept)",-4.65483613896702,0.833014218161743,-5.58794320370557,2.29774762533723e-08
"WMC",0.0268500058759916,0.00865461169837907,3.10239289892351,0.00191962995019661
