version, Attr, sigAttr,Residual.deviance, df.residual, null.deviance, df.null, AIC, iter, theta, std.err, 2loglik
time2.0_all.csv,2,1,52.6218203040034,131,60.6069611681944,133,58.6218203040034,6,,, 
time2.1_all.csv,2,3,18.8821699051323,131,35.9717543794337,133,24.8821699051323,8,,, 
time2.2_all.csv,1,2,39.5241287550597,132,49.0002051926856,133,43.5241287550597,6,,, 
time2.3_all.csv,3,3,29.9970922419826,131,42.7708539355835,134,37.9970922419826,9,,, 
