"","lr","naivebayes","rf","cart","j48","svm"
"1.math1.2S_all.csv",0.770216049382716,0.784876543209877,0.912654320987654,0.587191358024691,0.508487654320988,0.612345679012346
"2.math1.2R_all.csv",0.778814611314611,0.627317867317867,0.726680402930403,0.602458282458283,0.541828449328449,0.606694647944648
"3.math2.0_all.csv",0.691461988304094,0.702670772676372,0.7509596242379,0.638215752146323,0.587704989423914,0.520577796441458
"4.math2.1_all.csv",0.848730158730159,0.755714285714286,0.875539682539683,0.671301587301587,0.665253968253968,0.776539682539683
"5.math3.0_all.csv",0.716726821056089,0.575623716843229,0.76423236429334,0.56026874435411,0.502383181407572,0.519967972406997
"6.math3.1_all.csv",0.602671534858088,0.399598603839441,0.604206392945715,0.479516854964637,0.5,0.567321576191788
"7.math3.1.1_all.csv",0.818070393319445,0.693312990759041,0.792695257553906,0.641807551234799,0.624448146466535,0.71434040204405
"8.math3.2_all.csv",0.819718999131739,0.615388546846634,0.859517325755782,0.611612005683164,0.5,0.529396558528692
