"","lr","naivebayes","rf","cart","j48","svm"
"1.math1.2S_all.csv",0.312811376532836,0.324319139012549,0.738002765735745,-0.577515127610322,-0.935577259739601,0.22396242691941
"2.math1.2R_all.csv",0.229363084484127,0.280523658639611,0.146491054815654,-0.508722020052159,-0.633512923571076,0.0214940813427215
"3.math2.0_all.csv",0.167278203920166,-0.018533451577488,0.189661715477017,-0.380303034161365,-0.515106874149508,-0.0450578620244265
"4.math2.1_all.csv",0.28051746490487,0.0764512515827953,0.158347875900109,-0.240019647916854,-0.416886889150186,0.241317635811582
"5.math3.0_all.csv",-0.0446475552036612,-0.0985715263293209,-0.0489772104581063,-0.641376496644294,-0.810888997314551,0.160961846770139
"6.math3.1_all.csv",-0.286768170133578,0.0946305299852548,-0.203262216012359,-1,-1,0.0293257813694917
"7.math3.1.1_all.csv",0.47158305552739,-0.0334296973620668,0.215155827481397,-0.387578159178161,-0.448382643098979,0.27012912937871
"8.math3.2_all.csv",0.202685475186599,-0.155928255003602,0.250620258501205,-0.507025734382331,-1,-0.0380071625978534
