version, Attr, sigAttr,Residual.deviance, df.residual, null.deviance, df.null, AIC, iter, theta, std.err, 2loglik
time2.0_all.csv,2,2,51.4390303236279,131,60.6069611681944,133,57.4390303236279,6,,, 
time2.1_all.csv,3,1,79.609734281729,264,98.0004103853712,267,87.6097342817291,6,,, 
time2.2_all.csv,3,4,107.247935824682,396,146.8169094267,399,115.247935824682,7,,, 
time2.3_all.csv,3,4,154.377724294541,532,189.836069589949,535,162.377724294541,6,,, 
