,P.BPP,P.BCE,P.MFM,P.0.5,TP.BPP,TP.BCE,TP.MFM,TP.AVG,TP.0.5,P.BPP,P.BCE,P.MFM,P.AVG,P.0.5,R.BPP,R.BCE,R.MFM,R.AVG,R.0.5,F.BPP,F.BCE,F.MFM,F.AVG,F.0.5,ACC.BPP,ACC.BCE,ACC.MFM,ACC.AVG,ACC.0.5,AUC,ER.BPP,ER.BCE,ER.MFM,ER.AVG,ER.0.5,AR0.05,AR0.1,AR0.15,AR0.2,AR0.25,AR0.3,AR0.35,AR0.4,AR0.45,AR0.5,AR0.55,AR0.6,AR0.65,AR0.7,AR0.75,AR0.8,AR0.85,AR0.9,AR0.95,AR1,CE0.05,CE0.1,CE0.15,CE0.2,CE0.25,CE0.3,CE0.35,CE0.4,CE0.45,CE0.5,CE0.55,CE0.6,CE0.65,CE0.7,CE0.75,CE0.8,CE0.85,CE0.9,CE0.95,CE1,POPT_BPP,POPT_BCE,POPT_MFM,POPT_0.5,POPT0.05,POPT0.1,POPT0.15,POPT0.2,POPT0.25,POPT0.3,POPT0.35,POPT0.4,POPT0.45,POPT0.5,POPT0.55,POPT0.6,POPT0.65,POPT0.7,POPT0.75,POPT0.8,POPT0.85,POPT0.9,POPT0.95,POPT1
closure2_all.csv-->closure3_all.csv,0.4013912,0.345489,0.050459882,0,27,22,5,33.55376344,0,0.163636364,0.166666667,0.208333333,0.180318196,0,0.38028169,0.309859155,0.070422535,0.472588217,0,0.228813559,0.216748768,0.105263158,0.235818275,0,0.510752688,0.572580645,0.771505376,0.488141693,0.809139785,0.464461186,0.010363076,0.049905251,-0.030823297,0.024494194,0,0.076032189,0.160026843,0.211421019,0.251795774,0.269867343,0.286146812,0.307745668,0.324521517,0.340636466,0.360986833,0.383883234,0.41045051,0.438062379,0.464354966,0.491849898,0.517130602,0.54066981,0.56288805,0.583835713,0.605049104,-0.031486206,0.015711952,0.037802326,0.055068199,0.048082101,0.040909851,0.042664561,0.038632115,0.033337429,0.032949819,0.035190808,0.042619245,0.05170028,0.058687309,0.068076168,0.073748382,0.076195209,0.075870484,0.072481847,0.069157524,0.324961953,0.306136864,0.076815698,NaN,0.076032189,0.160026843,0.211421019,0.251795774,0.269867343,0.286146812,0.307745668,0.324521517,0.340636466,0.360986833,0.383882343,0.40979638,0.435116104,0.457203288,0.478677031,0.496362683,0.510815695,0.522091171,0.530169263,0.534578762
