,P.BPP,P.BCE,P.MFM,P.0.5,TP.BPP,TP.BCE,TP.MFM,TP.AVG,TP.0.5,P.BPP,P.BCE,P.MFM,P.AVG,P.0.5,R.BPP,R.BCE,R.MFM,R.AVG,R.0.5,F.BPP,F.BCE,F.MFM,F.AVG,F.0.5,ACC.BPP,ACC.BCE,ACC.MFM,ACC.AVG,ACC.0.5,AUC,ER.BPP,ER.BCE,ER.MFM,ER.AVG,ER.0.5,AR0.05,AR0.1,AR0.15,AR0.2,AR0.25,AR0.3,AR0.35,AR0.4,AR0.45,AR0.5,AR0.55,AR0.6,AR0.65,AR0.7,AR0.75,AR0.8,AR0.85,AR0.9,AR0.95,AR1,CE0.05,CE0.1,CE0.15,CE0.2,CE0.25,CE0.3,CE0.35,CE0.4,CE0.45,CE0.5,CE0.55,CE0.6,CE0.65,CE0.7,CE0.75,CE0.8,CE0.85,CE0.9,CE0.95,CE1,POPT_BPP,POPT_BCE,POPT_MFM,POPT_0.5,POPT0.05,POPT0.1,POPT0.15,POPT0.2,POPT0.25,POPT0.3,POPT0.35,POPT0.4,POPT0.45,POPT0.5,POPT0.55,POPT0.6,POPT0.65,POPT0.7,POPT0.75,POPT0.8,POPT0.85,POPT0.9,POPT0.95,POPT1
closure2_all.csv-->closure3_all.csv,0.180809762,0.287194953,0.016858477,0,7,12,1,19.22043011,0,0.042424242,0.06185567,0.023809524,0.075338159,0,0.098591549,0.169014085,0.014084507,0.270710283,0,0.059322034,0.090566038,0.017699115,0.114024994,0,0.403225806,0.352150538,0.701612903,0.408847844,0.809139785,0.209746853,-0.292789795,0.044909808,0.698654731,-0.073645926,0,0.163804991,0.18307345,0.193393963,0.200687107,0.223246784,0.250182612,0.280149868,0.308915023,0.334065365,0.357668422,0.382736197,0.407057779,0.428221312,0.448776517,0.469697972,0.490364516,0.511644707,0.530707889,0.548694034,0.569555415,0.066500361,0.042718171,0.015806316,-0.009478622,-0.012699928,-0.007409481,0.004501654,0.01642033,0.02370384,0.027927904,0.033394602,0.037109725,0.035092954,0.031310611,0.027450559,0.022405037,0.017819928,0.007836113,-0.005839494,-0.014495998,0.197336542,0.243478862,0.01088036,NaN,0.165206512,0.183566293,0.193733516,0.200907482,0.223404622,0.250549706,0.280444655,0.309311501,0.334400247,0.357957866,0.382990167,0.4066278,0.425430227,0.441606964,0.456127776,0.468611818,0.480062206,0.490043125,0.500737832,0.507504113
