,P.BPP,P.BCE,P.MFM,P.0.5,TP.BPP,TP.BCE,TP.MFM,TP.AVG,TP.0.5,P.BPP,P.BCE,P.MFM,P.AVG,P.0.5,R.BPP,R.BCE,R.MFM,R.AVG,R.0.5,F.BPP,F.BCE,F.MFM,F.AVG,F.0.5,ACC.BPP,ACC.BCE,ACC.MFM,ACC.AVG,ACC.0.5,AUC,ER.BPP,ER.BCE,ER.MFM,ER.AVG,ER.0.5,AR0.05,AR0.1,AR0.15,AR0.2,AR0.25,AR0.3,AR0.35,AR0.4,AR0.45,AR0.5,AR0.55,AR0.6,AR0.65,AR0.7,AR0.75,AR0.8,AR0.85,AR0.9,AR0.95,AR1,CE0.05,CE0.1,CE0.15,CE0.2,CE0.25,CE0.3,CE0.35,CE0.4,CE0.45,CE0.5,CE0.55,CE0.6,CE0.65,CE0.7,CE0.75,CE0.8,CE0.85,CE0.9,CE0.95,CE1,POPT_BPP,POPT_BCE,POPT_MFM,POPT_0.5,POPT0.05,POPT0.1,POPT0.15,POPT0.2,POPT0.25,POPT0.3,POPT0.35,POPT0.4,POPT0.45,POPT0.5,POPT0.55,POPT0.6,POPT0.65,POPT0.7,POPT0.75,POPT0.8,POPT0.85,POPT0.9,POPT0.95,POPT1
closure2_all.csv-->closure3_all.csv,0.217276761,0.134509614,0.566162877,0,18,8,47,16.88709677,0,0.074688797,0.040609137,0.141566265,0.060309251,0,0.253521127,0.112676056,0.661971831,0.237846433,0,0.115384615,0.059701493,0.23325062,0.094117952,0,0.258064516,0.322580645,0.169354839,0.398586542,0.809139785,0.174348416,-0.002276671,-0.13146322,-0.079483885,-0.018735492,0,0.213683469,0.167419026,0.175093507,0.203007525,0.229989747,0.252253145,0.274575386,0.2949442,0.314916668,0.331936838,0.351722895,0.371539374,0.392189887,0.412272322,0.435201273,0.4587793,0.483344729,0.509019723,0.533355997,0.557618526,0.122182996,0.024374178,-0.006523288,-0.006548089,-0.003908721,-0.004627637,-0.003207433,-0.003463501,-0.004369185,-0.011012973,-0.015170735,-0.020569296,-0.025711998,-0.032839825,-0.035814796,-0.038182481,-0.039096983,-0.038016384,-0.040023848,-0.04262953,0.212755065,0.168878821,0.357625587,NaN,0.213683469,0.167419026,0.175093507,0.203007525,0.229989747,0.252253145,0.274575386,0.2949442,0.314916668,0.331936838,0.351721958,0.37084207,0.3890031,0.40442526,0.420559893,0.435501727,0.449764777,0.463195162,0.473179938,0.478685235
