"Estimate","Std. Error","z value","Pr(>|z|)"
"(Intercept)",-10.7129531393899,2.07675515030173,-5.15850563213165,2.48928621627419e-07
"CBO",0.401326748606997,0.0901011280992007,4.45418117479217,8.42139670579397e-06
"RFC",0.016617359761391,0.00522443941456601,3.18069718926415,0.0014692111233414
"NOC",0.645808358504069,0.12302410427243,5.24944572710698,1.52557536744144e-07
"X.RFC",-64.5272625876064,18.704577967861,-3.44981120121929,0.000560978733825892
"X.deleted",425.569185207779,90.7955787252417,4.68711352670158,2.77085279502026e-06
