"","CE0.1","CE0.2","CE0.5","CE1","POPT_BCE","POPT_BPP","POPT_MFM","POPT_0.5","POPT0.1","POPT0.2","POPT0.5","POPT1"
"lr",0.0979390444666667,0.1417716648,0.201526720733333,0.275834918933333,0.3428981408,0.344361648266667,0.1657584256,NA,0.1559446666,0.238769514466667,0.410735654466667,0.6379592246
"svm",0.0299572550666667,0.0655993706666667,0.154739965666667,0.2296698064,0.120109184133333,0.1283826874,0.2085858818,NA,0.0922957133333333,0.171101540266667,0.3760129228,0.6148349456
"cart",0.065300541,0.0544252483333333,-0.0572409730666667,-0.5192698034,0.1619284542,0.1731476652,0.1514552902,NA,0.130457415733333,0.171713077,0.348739152266667,0.573454600066667
"rf",0.136998528133333,0.170199001933333,0.229846789933333,0.297151295533333,0.2240861788,0.225498053333333,0.159841906866667,NA,0.192647644466667,0.263814736333333,0.4314619232,0.650712298466667
"naivebayes",0.055160845,0.0529357856666667,0.060497796,0.121159870066667,0.316365063066667,0.3281704136,0.275396639066667,NA,0.115668607133333,0.159385146933333,0.305849875133333,0.560579976466667
"j48",0.0592617626666667,0.0828761156666667,0.136932817666667,0.178501020933333,0.2005475656,0.163395975666667,0.161518059066667,NA,0.120239713533333,0.1872501376,0.363862367666667,0.5924069954
