"","CE0.1","CE0.2","CE0.5","CE1","POPT0.1","POPT0.2","POPT0.5","POPT1"
"lm",0.1538908206,0.2019866707,0.2493196668,0.2476433035,0.2118849422,0.2941934721,0.4477713082,0.6238216516
"svm",0.0337644925,0.0946618017,0.084749454,0.2035478453,0.0999462179,0.1990509189,0.3258372348,0.6017739225
"cart",0.1794112233,0.2206172444,0.1367948822,-0.2358735238,0.2366202584,0.3142996393,0.4721582044,0.6422756695
"rf",0.1328880874,0.1891559904,0.4190588991,0.5378320037,0.1919130782,0.2826096632,0.5725101983,0.770082085
