"","lr","naivebayes","rf","cart","j48","svm"
"1.math1.2S_all.csv",0.0304485079796416,0.26664821303262,0.787836592849012,-0.420738336537273,-0.896003486733677,0.285325697063154
"2.math1.2R_all.csv",0.352828565533284,0.370671335387956,0.199768052034088,-0.486347012444643,-0.414216739433318,0.142370820131322
"3.math2.0_all.csv",0.29764263131144,0.0518780193103899,0.121801179807289,-0.472485447322233,-0.587590598365902,-0.011297968770269
"4.math2.1_all.csv",0.158969106951691,0.0971504982636969,0.213043632000733,-0.315905653319416,-0.332588357648924,0.232384130162958
"5.math3.0_all.csv",0.0622427982463352,-0.0587638392420063,-0.0633109442707287,-0.839204870230044,-0.8886822270003,-0.0599209154478094
"6.math3.1_all.csv",0.0393652288280123,0.257045280246418,0.160920240432473,-0.803600885490177,-1,0.148578900082921
"7.math3.1.1_all.csv",0.25534140573129,-0.0960906301022098,0.227784353344228,-0.474443759276073,-0.431188898214693,-0.107060421787962
"8.math3.2_all.csv",0.267505709456516,-0.481367386976484,-0.390298520870489,-0.880062374888945,-1,-0.231141789544379
