"Estimate","Std. Error","z value","Pr(>|z|)"
"(Intercept)",-84.476075373428,219631.396672267,-0.000384626590976347,0.999693112388952
"avg_SLOC",-0.411397789604041,2520.51424361183,-0.000163219783679746,0.999869769455163
"avg_WMC",5.73360598828787,17822.7413375877,0.00032170168885276,0.999743319193708
