"Estimate","Std. Error","z value","Pr(>|z|)"
"(Intercept)",-3.4670848413798,1.53808579314692,-2.25415568938203,0.0241863752668432
"sum_WMC",0.00793017657253169,0.00325849385693947,2.43369388456668,0.0149456287583102
