"","lr","nb","svm","j48","cart","rf","avg_c"
"module_time2.1_all.csv",-0.783036813248293,-0.028029540114132,-0.291316996755063,-0.028029540114132,-0.259650889560255,-0.385699899295065,-0.295960613181157
"module_time2.2_all.csv",-0.20271601764983,0.00612603350040675,-0.504947950134944,-0.129075097459624,-0.341901212354881,-0.306430193205672,-0.246490739550757
"module_time2.3_all.csv",-0.278946250265562,-0.446653919694073,0.203824091778202,-0.506649670703208,-0.830082855321861,-0.00535372848948433,-0.310643722115998
"module_time2.4_all.csv",-1,0.254349448395537,-0.500957552980103,-0.0692225389090192,-0.0692225389090192,0.100475629602323,-0.214096258800047
"avg",-0.566174770290921,-0.0535519944780653,-0.273349602022977,-0.183244211796496,-0.375214374036504,-0.149252047846975,-0.26679783341199
