"Estimate","Std. Error","z value","Pr(>|z|)"
"(Intercept)",-4.31384510974223,1.00346692794198,-4.29894099109925,1.7161615275796e-05
"delta_WMC",0.190932924304839,0.0735827528882821,2.59480539678537,0.00946444893829305
