"Estimate","Std. Error","z value","Pr(>|z|)"
"(Intercept)",-3.73224947054775,0.789692142114484,-4.72620819114935,2.28751122854516e-06
"SLOC",0.00201027214188914,0.00100538890341336,1.99949704543598,0.0455546012247409
"X.WMC",2.30338498960585,1.08399790716206,2.12489800431089,0.0335951245405427
"Estimate","Std. Error","z value","Pr(>|z|)"
"(Intercept)",-4.31384510974223,1.00346692794198,-4.29894099109925,1.7161615275796e-05
"delta_WMC",0.190932924304839,0.0735827528882821,2.59480539678537,0.00946444893829305
