"Estimate","Std. Error","z value","Pr(>|z|)"
"(Intercept)",-3.25081938407784,0.586989283974955,-5.53812390247407,3.05728947384247e-08
"X.changed",42.0495053785264,18.3416173863368,2.29257346791294,0.0218725733457154
"Estimate","Std. Error","z value","Pr(>|z|)"
"(Intercept)",-3.25081938407784,0.586989283974955,-5.53812390247407,3.05728947384247e-08
"X.changed",42.0495053785264,18.3416173863368,2.29257346791294,0.0218725733457154
