"Estimate","Std. Error","z value","Pr(>|z|)"
"(Intercept)",-225.558427561406,95810.2268566861,-0.00235422078583321,0.998121605317384
"SLOC",0.57815323379279,246.408109852206,0.00234632388576643,0.998127906114624
"X.CBO",213.736894764873,133836.689484179,0.0015969977708552,0.998725780676627
"X.churn",-143.316306533609,119692.067359247,-0.00119737514520036,0.999044633086442
