"Estimate","Std. Error","z value","Pr(>|z|)"
"(Intercept)",-7.94781681599245,2.85221531702886,-2.78654166413763,0.00532737692131274
"SLOC",0.0156272963794471,0.00649086908801974,2.40758150681094,0.0160585771673996
"delta_WMC",-0.0978380697396214,0.066543015950794,-1.47029809727844,0.14148103616004
"changedsloc",0.0768628054784601,0.0389879025303339,1.97145269404165,0.0486721188771103
"Estimate","Std. Error","z value","Pr(>|z|)"
"(Intercept)",-225.558427561406,95810.2268566861,-0.00235422078583321,0.998121605317384
"SLOC",0.57815323379279,246.408109852206,0.00234632388576643,0.998127906114624
"X.CBO",213.736894764873,133836.689484179,0.0015969977708552,0.998725780676627
"X.churn",-143.316306533609,119692.067359247,-0.00119737514520036,0.999044633086442
