"Estimate","Std. Error","z value","Pr(>|z|)"
"(Intercept)",-63.1137571708703,48327.0563736024,-0.00130597147657735,0.998957985818193
"changedsloc",4.23301762281808,3478.06647229202,0.00121706058712229,0.999028926387705
