"Estimate","Std. Error","z value","Pr(>|z|)"
"(Intercept)",-96.7295121111805,47368.7429326624,-0.00204205360164798,0.998370678091287
"SLOC",1.46518746227459,735.57165084619,0.00199190311452197,0.998410692309285
"WMC",-4.66121198948084,2346.40424375699,-0.00198653407735807,0.998414976172669
"CBO",-32.547733491739,17179.2333025442,-0.0018945975596547,0.998488330762573
