"Estimate","Std. Error","z value","Pr(>|z|)"
"(Intercept)",-147.344602066677,375052.498624242,-0.00039286393933426,0.999686539936372
"avg_SLOC",0.320023198240045,828.897978581794,0.000386082734557503,0.999691950554557
"avg_DIT",83.0470635951887,200966.920990666,0.000413237478017817,0.999670284205728
