version, Attr, sigAttr,Residual.deviance, df.residual, null.deviance, df.null, AIC, iter, theta, std.err, 2loglik
module_time2.0_all.csv,2,0,2.26624496941769e-10,4,8.3757742401936,6,6.00000000022662,25,,, 
module_time2.1_all.csv,1,0,1.53439882992187e-09,5,9.5607134658066,6,4.0000000015344,25,,, 
module_time2.2_all.csv,2,0,2.20654605693772e-10,4,9.5607134658066,6,6.00000000022065,25,,, 
module_time2.3_all.csv,1,0,3.4846094883248e-09,5,8.3757742401936,6,4.00000000348461,25,,, 
