"Estimate","Std. Error","z value","Pr(>|z|)"
"(Intercept)",-7.22339915727074,1.80461698085325,-4.00273256536431,6.26150675608884e-05
"avg_WMC",0.178786833513629,0.0508334791144118,3.51710794988535,0.000436276312774262
"max_DIT",0.761784288331488,0.349139492740404,2.18189091801739,0.0291175842850887
"max_delta_DIT",0.620421825156606,0.361407189906482,1.71668368113304,0.0860369834175327
