"Estimate","Std. Error","z value","Pr(>|z|)"
"(Intercept)",-4.90863570385885,1.63153903837561,-3.00859224842452,0.0026246110842185
"max_WMC",0.0230942752028375,0.0111414550561666,2.07282397913144,0.0381886639572818
"max_CBO",0.263055821782683,0.148777111525613,1.7681202376173,0.0770408048560008
