"Estimate","Std. Error","z value","Pr(>|z|)"
"(Intercept)",-2.93601799267121,0.810334254050092,-3.62321841634714,0.000290959926815211
"avg_RFC",-0.0344013074634672,0.0223876271508142,-1.53662142181138,0.12438604360602
"avg_delta_CBO",0.374662813474801,0.17138749837564,2.18605684210192,0.0288114469471771
"max_RFC",0.032070602668906,0.0120688825122315,2.65729678256486,0.00787700646858627
