"","CE0.1","CE0.2","CE0.5","CE1","POPT_BCE","POPT_BPP","POPT_MFM","POPT_0.5","POPT0.1","POPT0.2","POPT0.5","POPT1"
"lr",0.162104332466667,0.147141088266667,0.135268289,0.207855046733333,0.343903266533333,0.3233407978,0.3296936516,NA,0.260391938333333,0.291847023866667,0.4052854458,0.603927523333333
"svm",-0.000680255133333332,0.0103006524666667,0.0999605762,0.183386045,0.167857741866667,0.214014997133333,0.2716311686,NA,0.117432460066667,0.177435382866667,0.3794304574,0.5916930224
"cart",0.125098470866667,0.1380091194,0.117671997133333,0.00146445493333334,0.3322817062,0.397604038666667,0.364869018866667,NA,0.226235525266667,0.284342547666667,0.418363245266667,0.578997579266667
"rf",0.0630647722666667,0.0994919372666667,0.177862925333333,0.257211077466667,0.342397228066667,0.3217904372,0.293157849066667,NA,0.171838232466667,0.2501774688,0.433900532866667,0.628605538666667
"naivebayes",0.1132718656,0.1283745174,0.1190224968,0.0815613415333333,0.4734560106,0.470177866933333,0.406574109666667,NA,0.2196982498,0.2784511462,0.395542955933333,0.5407806708
"j48",0.0816577757333333,0.0894996970666667,0.0846276409333333,-0.0584132898,0.342036171133333,0.329760155933333,0.3269774084,NA,0.1910885762,0.246960980733333,0.400896077333333,0.5533099146
