"","lr","rf","cart","j48","naivebayes","svm"
"time2.0",0.17825217229358,0.976874276193409,0.996688624087206,0.996688624087206,0.168602259458226,0.627093467734973
"time2.1",-0.13892264677222,0.974704953506724,-0.70225561806556,-0.419097314676662,0.406738078164918,-0.283236113854613
"time2.2",0.284289218260715,0.9817596572606,-0.212793382074548,-0.209972790386091,0.624054105401851,-0.20178365857053
"time2.3",0.523375658037375,0.993131532451105,-0.289661986152136,0.334431981321661,0.330392036810953,-0.180016177855814
"time2.4",0.695049026048167,0.975589906561191,0.273176180876358,0.499111185466265,0.368766959388987,0.0444773748443877
