"Estimate","Std. Error","z value","Pr(>|z|)"
"(Intercept)",-4.9572692463645,0.704880961262025,-7.03277506245731,2.02465633114428e-12
"CBO",0.145880109398847,0.0483908348416941,3.01462270440425,0.00257299109504465
"delta_WMC",0.122145551417912,0.058528155762173,2.08695370334658,0.0368923196948194
"delta_CBO",0.45584039894,0.258722477588543,1.76188943144299,0.0780879805893492
"X.WMC",-9.3873937589446,6.00615645378129,-1.56296190936461,0.118061554393708
