"Estimate","Std. Error","z value","Pr(>|z|)"
"(Intercept)",-1141.23966562881,176684.044199348,-0.00645921181394954,0.994846330455119
"avg_LCOM5",-813.028841817178,137308.337425958,-0.00592119063604273,0.995275601016578
"avg_X.DIT",-30866.4899211741,9019867.06127558,-0.00342205596950439,0.997269599704774
"avg_addedsloc",155.468492152283,21759.1878980246,0.00714495839095158,0.994299196517067
