"Estimate","Std. Error","z value","Pr(>|z|)"
"(Intercept)",-102.195237657101,194363.084635037,-0.000525795512295955,0.99958047589793
"avg_SLOC",0.924466200512649,1742.75321833905,0.000530463057410802,0.999576751736265
"avg_RFC",-2.2159593465456,10296.1895747365,-0.000215221304003847,0.999828278245705
"avg_delta_RFC",-14.6854864168345,31042.900150931,-0.000473070697178211,0.999622544208632
"avg_delta_DIT",1004.32481862488,1880606.05928104,0.000534043168513898,0.999573895221295
