version, Attr, sigAttr,Residual.deviance, df.residual, null.deviance, df.null, AIC, iter, theta, std.err, 2loglik
module_lang2.2_all.csv,3,0,4.49996484501663e-10,4,10.5850118105277,7,8.00000000045,24,,, 
module_lang2.3_all.csv,2,0,3.48784112691955e-10,5,8.99736231390093,7,6.00000000034878,24,,, 
module_lang2.4_all.csv,3,0,2.85739432109425e-10,4,10.5850118105277,7,8.00000000028574,25,,, 
module_lang2.5_all.csv,3,0,1.25921873168718e-07,6,10.0080484707638,9,8.00000012592187,25,,, 
module_lang3.0_all.csv,4,0,5.66836799685389e-10,7,16.3006383837966,11,10.0000000005668,25,,, 
