"Estimate","Std. Error","z value","Pr(>|z|)"
"(Intercept)",-5.18196056677041,1.25741176983322,-4.12113254471742,3.77014430422796e-05
"changedsloc",0.0565431421901977,0.0268146150397327,2.10866880268147,0.034973179488148
"X.deleted",8.19956882561341,3.39602216147257,2.41446269657379,0.0157584365161248
