version, Attr, sigAttr,Residual.deviance, df.residual, null.deviance, df.null, AIC, iter, theta, std.err, 2loglik
lang2.2_all.csv,1,2,22.238196550842,70,36.3167310155815,71,26.238196550842,7,,, 
lang2.3_all.csv,1,2,33.3775476383469,83,43.3768392828277,84,37.3775476383469,6,,, 
lang2.4_all.csv,3,0,1.06126929361235e-08,59,43.952844076222,62,8.00000001061269,25,,, 
lang2.5_all.csv,0,0,18.8051062812767,81,18.8051062812767,81,20.8051062812767,6,,, 
lang3.0.1_all.csv,1,0,2.81594703003012e-09,98,11.2003068709695,99,4.00000000281595,25,,, 
lang3.0_all.csv,2,3,18.4434632479018,91,33.0833235183539,93,24.4434632479018,7,,, 
lang3.0b_all.csv,3,0,7.51092165649775e-09,82,32.3554235153067,85,8.00000000751092,25,,, 
