"Estimate","Std. Error","z value","Pr(>|z|)"
"(Intercept)",-2.22847709098542,0.397752506147314,-5.60267265835922,2.11071610993215e-08
"SPA",2.92162427154516,1.28771367365243,2.26884619719722,0.0232776805226565
