"Estimate","Std. Error","z value","Pr(>|z|)"
"(Intercept)",-2.57768838323253,0.423466997513054,-6.08710572103808,1.14970057553295e-09
