"Estimate","Std. Error","z value","Pr(>|z|)"
"(Intercept)",-4.14510595546646,1.01506452652506,-4.08358862628829,4.43455054216601e-05
"NA.",-0.343293606471398,0.202089626102845,-1.69871958839042,0.0893720308240621
"SLOC1",0.0131589653902675,0.00459251510548352,2.86530693705407,0.00416605220200386
"ICH",0.0412798338130972,0.0256139809551831,1.61161335621061,0.107046102448682
"LCOM3",-0.180398947955381,0.102331756483697,-1.76288333313345,0.0779201686149533
"LCOM4",0.233320503211912,0.126909759050805,1.83847566142261,0.0659923450439715
"DAC",0.270627757338434,0.207672766098259,1.30314514716094,0.192525212781635
