"Estimate","Std. Error","z value","Pr(>|z|)"
"(Intercept)",-16.9027099336541,7.20434139625356,-2.3461839193856,0.018966745718316
"NHD",16.6926024556519,8.12086465836845,2.05552033655067,0.0398287734633584
