"Estimate","Std. Error","z value","Pr(>|z|)"
"(Intercept)",-9.6855020465075,3.54148616914371,-2.73486936950239,0.00624050361384275
"stms",0.00159208692984266,0.00110855111850941,1.4361872026104,0.150949079551013
"NHD",8.95705600740285,4.27796112829116,2.09376750718181,0.0362806959819763
