version, Attr, sigAttr,Residual.deviance, df.residual, null.deviance, df.null, AIC, iter, theta, std.err, 2loglik
lang2.2_all.csv,1,2,49.7459189748736,73,55.0387486909065,74,53.7459189748736,4,,, 
lang2.3_all.csv,0,0,43.3768392828277,84,43.3768392828277,84,45.3768392828277,5,,, 
lang2.4_all.csv,6,2,30.7407595718205,72,70.6496514483013,78,44.7407595718205,7,,, 
lang2.5_all.csv,1,2,18.1224440566759,79,25.6625123613501,80,22.1224440566759,8,,, 
lang3.0_all.csv,2,2,40.7242371791061,90,54.5417274562744,92,46.7242371791061,7,,, 
