,lr,naivebayes,rf,cart,j48,svm
time2.0.csv,0.775132275,0.528042328,0.713888889,0.555026455,0.505621693,0.428505291
time2.1.csv,0.85975599,0.81213883,0.915402572,0.753021494,0.532804792,0.312297393
time2.2.csv,0.839318014,0.617598745,0.744269103,0.566440568,0.476984127,0.330546327
time2.3.csv,0.917591614,0.586495772,0.845225511,0.582857646,0.560214059,0.307681466
time2.4.csv,0.46892618,0.441961769,0.661887773,0.659852889,0.510438689,0.288891825
