"","lr","naivebayes","rf","cart","j48","svm"
"time2.0_all.csv",0.149602003234809,-0.304144884897563,-0.00757363709955254,-0.63824933899171,-0.866650313192899,-0.184404530522344
"time2.1_all.csv",0.388083481736651,0.431383222419451,0.540748468258808,-0.0225178102192873,-0.835698693459052,-1
"time2.2_all.csv",0.22930612541899,-0.0554848905288051,-0.07682965360935,-0.624210920737692,-0.885761186472885,-0.970696377699309
"time2.3_all.csv",0.586005624927086,-0.0490167141879668,0.439447733495855,-0.535320882402866,-0.562987673655165,-1
"time2.4_all.csv",-0.570129424091016,-0.496630483599158,-0.0534863413601561,-0.453079187086783,-0.890944581924005,-0.577641731893208
