"","lm","rf","cart","svm"
"time2.1_all.csv",0.128503924066237,0.458289846735423,-0.163857500924518,0.527928668282861
"time2.2_all.csv",0.14950744750519,0.349036492078753,-0.536708049436386,0.0822081957391075
"time2.3_all.csv",0.53353890458596,0.647182677678766,0.555381982177787,0.243995870462943
"time2.4_all.csv",-0.198019359309682,-0.317740817740818,-0.478706994836027,0.222006125231932
