"Estimate","Std. Error","z value","Pr(>|z|)"
"(Intercept)",-7.58801123495752,1.33126840639731,-5.6998357344724,1.1992292642119e-08
"WMC",0.0267279714693713,0.00779805477110479,3.42751779179727,0.000609126387024282
"CBO",0.241494420662349,0.0760606764078188,3.17502331122477,0.00149824464517196
"DIT",-1.1690863825122,0.392302575292566,-2.98006298235573,0.00288189123167693
