,lr,naivebayes,svm,j48,cart,rf,avg_cec
1,0.093308572,-0.536045623,-0.261814566,0.319270624,-1,0.477422695,-0.151309717
2,0.11783728,-0.323320742,0.187725632,0.00933889,-0.368704961,0.79234211,0.069203035
3,0.423973589,-0.416908948,0.282653588,-0.170230688,-0.010651306,0.689182947,0.133003197
4,0.010180888,0.245977628,-0.182915319,0.135199736,-1,0.062152004,-0.121567511
avg,0.161325082,-0.257574421,0.006412334,0.073394641,-0.594839067,0.505274939,
