"Estimate","Std. Error","z value","Pr(>|z|)"
"(Intercept)",-4.78291054949197,1.61564245047295,-2.9603768755221,0.00307262911892399
"avg_changedsloc",0.421058193194351,0.193401206235194,2.17712289075543,0.0294713995594417
"max_WMC",0.0214662474181517,0.0157906849940003,1.35942471313359,0.174012044407164
"max_delta_DIT",1.00198627218247,0.549709119493617,1.82275723041576,0.0683401680965705
