"Estimate","Std. Error","z value","Pr(>|z|)"
"(Intercept)",-5.07584174973204,1.60223166060814,-3.16798243008472,0.00153500796970071
"avg_RFC",0.0587934010381223,0.027948382030522,2.10364238523414,0.0354096537215635
"max_DIT",0.594530573498483,0.34922037657724,1.70245098331765,0.088670859676062
"max_changedsloc",0.0476418480601806,0.0226789607553359,2.10070684341087,0.0356667082263489
"sum_churnsloc",0.000924305826443952,0.000703524791020133,1.31382125867047,0.188906361827275
