"Estimate","Std. Error","z value","Pr(>|z|)"
"(Intercept)",-2.02058050293155,0.634575543877881,-3.1841449334524,0.00145182301228524
"max_LCOM5",-0.509177815137643,0.336812141497197,-1.51175611684972,0.130595916867476
"sum_WMC",0.00483275329191356,0.00238785766014351,2.02388667154604,0.0429818136292444
