version, Attr, sigAttr,Residual.deviance, df.residual, null.deviance, df.null, AIC, iter, theta, std.err, 2loglik
module_math1.2_all.csv,3,2,21.9369878743298,30,41.1942299573167,33,29.9369878743298,6,,, 
module_math2.0_all.csv,2,2,26.2817425910505,34,38.6337027295797,36,32.2817425910505,5,,, 
module_math2.1_all.csv,4,3,36.7197031916947,41,62.3711365044382,45,46.7197031916947,6,,, 
module_math3.0_all.csv,2,2,42.7343410854701,44,55.4326755928466,46,48.7343410854701,6,,, 
module_math3.1_all.csv,3,3,47.1603357363563,52,65.0849738595172,55,55.1603357363563,5,,, 
