,lr,nb,svm,j48,cart,rf,avg_c
2.3,-0.244640856,-0.0358421,0.208509562,-0.107363627,-0.758757185,0.22146911,-0.119437516
2.4,-0.317852301,-0.472468217,-0.268216816,0.350574272,-0.255662139,-0.05884941,-0.170412435
2.5,0.453233139,0.006483463,-0.070536956,0.580683966,-0.194800731,-0.590026403,0.030839413
3,0.450992293,-0.113126102,0.130497114,0.106816029,0.077076019,0.300283064,0.158756403
3.1,0.604771166,0.256594618,0.586701487,0.4318905,0.461176863,0.578292678,0.486571219
avg,0.189300688,-0.071671668,0.117390878,0.272520228,-0.134193435,0.090233808,
