"Estimate","Std. Error","z value","Pr(>|z|)"
"(Intercept)",-2.63977585559601,0.348450762581189,-7.57574997408979,3.57058879380251e-14
"SLOC",0.00137789019000235,0.00064683791416218,2.13019391695223,0.0331556070717232
"Estimate","Std. Error","z value","Pr(>|z|)"
"(Intercept)",-2.63977585559601,0.348450762581189,-7.57574997408979,3.57058879380251e-14
"SLOC",0.00137789019000235,0.00064683791416218,2.13019391695223,0.0331556070717232
