"Estimate","Std. Error","z value","Pr(>|z|)"
"(Intercept)",-7.27888323109459,2.12345071639388,-3.42785597748925,0.000608368116346076
"SLOC",0.00529604185644271,0.00221517511578288,2.3908005370361,0.0168116835100825
"X.WMC",45.5317484457739,17.9097658521575,2.54228608132746,0.0110129992015792
