"Estimate","Std. Error","z value","Pr(>|z|)"
"(Intercept)",-2.8957291082175,0.495598547899103,-5.84289264061167,5.13020826198895e-09
"changedsloc",0.151692948325389,0.0723597889397057,2.09637079582679,0.036049310975499
