"Estimate","Std. Error","z value","Pr(>|z|)"
"(Intercept)",-5.26460893780997,1.07495341919929,-4.89752285427538,9.70523494457951e-07
"avg_WMC",0.123973145823538,0.0326535620014847,3.7966193647695,0.000146682749621914
"avg_delta_LCOM5",2.31628150235655,1.4793890914792,1.56570135314473,0.117418549360176
"max_DIT",0.756074471890644,0.255038082872317,2.96455518868203,0.00303120866967399
"max_delta_LCOM5",-2.70508680330597,1.0895116578532,-2.4828433764868,0.013033838120694
"max_delta_DIT",0.660209815800652,0.315669215640525,2.09146088084966,0.0364867696234268
"sum_changedsloc",0.0183484710149749,0.00687435053954104,2.66912065502553,0.00760501256454764
