version, Attr, sigAttr,Residual.deviance, df.residual, null.deviance, df.null, AIC, iter, theta, std.err, 2loglik
module_math1.2_all.csv,3,2,21.9369878743298,30,41.1942299573167,33,29.9369878743298,6,,, 
module_math2.0_all.csv,3,3,48.186277476988,67,80.3962164190799,70,56.186277476988,6,,, 
module_math2.1_all.csv,6,6,82.4411229630557,110,146.016513659181,116,96.4411229630557,7,,, 
module_math3.0_all.csv,9,6,134.771702325139,154,201.700641549578,163,154.771702325139,7,,, 
module_math3.1_all.csv,13,13,176.555976191111,206,267.06398906364,219,204.555976191111,6,,, 
