"","lr","nb","svm","j48","cart","rf","avg_c"
"module_math2.0_all.csv",0.0642398641196454,0.0719437949441919,0.0227533418626199,0.117946794900075,0.0535525212864519,0.0808278554727138,0.068544028764283
"module_math2.1_all.csv",0.251688815160103,0.130022464985794,0.301761011246825,0.248915625526243,0.0430446325882028,0.365014098838772,0.223407774724323
"module_math3.0_all.csv",0.172452750209641,-0.313423455800367,0.186512960863996,-0.335049161897916,0.0901390539905455,0.152502326781485,-0.00781092097543592
"module_math3.1_all.csv",0.441623864085342,0.0697387281431185,0.449498313930517,0.0748072735291686,-0.0798815616586881,0.588356702470758,0.257357220083369
"module_math3.2_all.csv",0.00784121480241527,0.0743683864410832,0.062411669755485,-0.291291923237879,0.00326418365516834,0.068906558259102,-0.0124166517207709
"avg",0.187569301675429,0.00652998374276412,0.204587459531889,-0.0369342782360617,0.0220237659723361,0.251121508364566,0.105816290175154
