"Estimate","Std. Error","z value","Pr(>|z|)"
"(Intercept)",-2.34025321272141,0.539309427385272,-4.33935157423009,1.42903745948214e-05
"SLOC",0.00223089011618249,0.000695945819695948,3.2055514280654,0.00134803955136153
"WMC",-0.0112228972160865,0.00581030744188341,-1.93154963456609,0.0534151174345542
"RFC",0.00618771622304812,0.00157191035367124,3.9364307313051,8.27024772897419e-05
"delta_CBO",0.430732839645842,0.166329217548302,2.58964026882864,0.00960762721626726
"X.CBO",3.65315116678929,2.03756590659341,1.79289963331639,0.0729889740016295
"changedsloc",0.0506236072691887,0.0155914474181325,3.24688310915346,0.00116676298836337
