"Estimate","Std. Error","z value","Pr(>|z|)"
"(Intercept)",-5.31451215621296,1.15596115708756,-4.59748333551522,4.27624818781389e-06
"SLOC",0.00183675687042865,0.000939328261523644,1.9553940253531,0.0505365807815723
"WMC",0.0132558079707192,0.00844800090201564,1.56910588960241,0.116623267678647
"CBO",0.104648484990864,0.0570844108676216,1.83322352635895,0.0667693365804679
"delta_CBO",3.2154474013168,1.04074659177527,3.08955842539152,0.00200454276259844
"changedsloc",0.517415347767635,0.140972310786411,3.67033316600434,0.000242234531361822
"X.deleted",19.8215141004905,8.73264937800325,2.26981678096674,0.0232187019724906
"X.changed",21.9939047286003,7.47098027503001,2.94391149741216,0.003240926629019
