,P.BPP,P.BCE,P.MFM,P.0.5,TP.BPP,TP.BCE,TP.MFM,TP.AVG,TP.0.5,P.BPP,P.BCE,P.MFM,P.AVG,P.0.5,R.BPP,R.BCE,R.MFM,R.AVG,R.0.5,F.BPP,F.BCE,F.MFM,F.AVG,F.0.5,ACC.BPP,ACC.BCE,ACC.MFM,ACC.AVG,ACC.0.5,AUC,ER.BPP,ER.BCE,ER.MFM,ER.AVG,ER.0.5,AR0.05,AR0.1,AR0.15,AR0.2,AR0.25,AR0.3,AR0.35,AR0.4,AR0.45,AR0.5,AR0.55,AR0.6,AR0.65,AR0.7,AR0.75,AR0.8,AR0.85,AR0.9,AR0.95,AR1,CE0.05,CE0.1,CE0.15,CE0.2,CE0.25,CE0.3,CE0.35,CE0.4,CE0.45,CE0.5,CE0.55,CE0.6,CE0.65,CE0.7,CE0.75,CE0.8,CE0.85,CE0.9,CE0.95,CE1,POPT_BPP,POPT_BCE,POPT_MFM,POPT_0.5,POPT0.05,POPT0.1,POPT0.15,POPT0.2,POPT0.25,POPT0.3,POPT0.35,POPT0.4,POPT0.45,POPT0.5,POPT0.55,POPT0.6,POPT0.65,POPT0.7,POPT0.75,POPT0.8,POPT0.85,POPT0.9,POPT0.95,POPT1
1.closure3_all.csv-->2.closure2_all.csv,0.560265844,0.365060527,0.560265844,0,15,10,15,14.75585284,0,0.15,0.113636364,0.15,0.065286066,0,0.75,0.5,0.75,0.737792642,0,0.25,0.185185185,0.25,0.115204312,0,0.698996656,0.705685619,0.698996656,0.311909263,0.933110368,0.664784946,0.209036456,0.269878946,0.209036456,-0.04953836,0,0.035389501,0.068753536,0.106093428,0.147467528,0.183970751,0.210511627,0.245830342,0.2862237,0.32782997,0.365924938,0.400242455,0.428377806,0.451804434,0.471613137,0.488581947,0.503280729,0.51613644,0.52747528,0.537550762,0.548267387,-0.032155592,-0.024348633,-0.008770442,0.013753332,0.030596211,0.035083304,0.050317806,0.07277036,0.098113089,0.120171317,0.138266326,0.148411492,0.151994392,0.149998837,0.14304218,0.131481063,0.115472943,0.0950103,0.069936395,0.043555835,0.406471144,0.25807673,0.406471144,NaN,0.035389501,0.068753536,0.106093428,0.147467528,0.183970751,0.210511627,0.245830342,0.2862237,0.32782997,0.365924938,0.400242455,0.428377806,0.457750706,0.486752526,0.513653125,0.537822979,0.560573974,0.580105116,0.594941284,0.601606216
