,P.BPP,P.BCE,P.MFM,P.0.5,TP.BPP,TP.BCE,TP.MFM,TP.AVG,TP.0.5,P.BPP,P.BCE,P.MFM,P.AVG,P.0.5,R.BPP,R.BCE,R.MFM,R.AVG,R.0.5,F.BPP,F.BCE,F.MFM,F.AVG,F.0.5,ACC.BPP,ACC.BCE,ACC.MFM,ACC.AVG,ACC.0.5,AUC,ER.BPP,ER.BCE,ER.MFM,ER.AVG,ER.0.5,AR0.05,AR0.1,AR0.15,AR0.2,AR0.25,AR0.3,AR0.35,AR0.4,AR0.45,AR0.5,AR0.55,AR0.6,AR0.65,AR0.7,AR0.75,AR0.8,AR0.85,AR0.9,AR0.95,AR1,CE0.05,CE0.1,CE0.15,CE0.2,CE0.25,CE0.3,CE0.35,CE0.4,CE0.45,CE0.5,CE0.55,CE0.6,CE0.65,CE0.7,CE0.75,CE0.8,CE0.85,CE0.9,CE0.95,CE1,POPT_BPP,POPT_BCE,POPT_MFM,POPT_0.5,POPT0.05,POPT0.1,POPT0.15,POPT0.2,POPT0.25,POPT0.3,POPT0.35,POPT0.4,POPT0.45,POPT0.5,POPT0.55,POPT0.6,POPT0.65,POPT0.7,POPT0.75,POPT0.8,POPT0.85,POPT0.9,POPT0.95,POPT1
1.closure3_all.csv-->2.closure2_all.csv,0.547843975,0.272616504,0.935975947,0,13,6,19,7.331103679,0,0.058035714,0.036363636,0.065972222,0.036226278,0,0.65,0.3,0.95,0.366555184,0,0.106557377,0.064864865,0.123376623,0.065045113,0,0.27090301,0.421404682,0.096989967,0.480430868,0.933110368,0.355197133,0.226573212,0.345720389,0.023329446,0.051580033,0,0.033007764,0.112182183,0.177297852,0.24257824,0.279597621,0.310920027,0.342968535,0.374184643,0.400491621,0.427706273,0.453868219,0.479030921,0.505033711,0.527173712,0.549906277,0.573195224,0.594729062,0.613722081,0.63149186,0.650813665,-0.034704105,0.023421832,0.071583502,0.123781543,0.144196366,0.15780296,0.172638311,0.187035843,0.195607159,0.205897746,0.215316005,0.223873242,0.234334944,0.239377579,0.245800313,0.253727304,0.259144231,0.260192063,0.258867826,0.260674959,0.452760674,0.293680175,0.619173732,NaN,0.033007764,0.112182183,0.177297852,0.24257824,0.279597621,0.310920027,0.342968535,0.374184643,0.400491621,0.427706273,0.453868219,0.479030921,0.505033711,0.527173712,0.549906277,0.573195224,0.594074813,0.610274884,0.622410688,0.630337479
