,P.BPP,P.BCE,P.MFM,P.0.5,TP.BPP,TP.BCE,TP.MFM,TP.AVG,TP.0.5,P.BPP,P.BCE,P.MFM,P.AVG,P.0.5,R.BPP,R.BCE,R.MFM,R.AVG,R.0.5,F.BPP,F.BCE,F.MFM,F.AVG,F.0.5,ACC.BPP,ACC.BCE,ACC.MFM,ACC.AVG,ACC.0.5,AUC,ER.BPP,ER.BCE,ER.MFM,ER.AVG,ER.0.5,AR0.05,AR0.1,AR0.15,AR0.2,AR0.25,AR0.3,AR0.35,AR0.4,AR0.45,AR0.5,AR0.55,AR0.6,AR0.65,AR0.7,AR0.75,AR0.8,AR0.85,AR0.9,AR0.95,AR1,CE0.05,CE0.1,CE0.15,CE0.2,CE0.25,CE0.3,CE0.35,CE0.4,CE0.45,CE0.5,CE0.55,CE0.6,CE0.65,CE0.7,CE0.75,CE0.8,CE0.85,CE0.9,CE0.95,CE1,POPT_BPP,POPT_BCE,POPT_MFM,POPT_0.5,POPT0.05,POPT0.1,POPT0.15,POPT0.2,POPT0.25,POPT0.3,POPT0.35,POPT0.4,POPT0.45,POPT0.5,POPT0.55,POPT0.6,POPT0.65,POPT0.7,POPT0.75,POPT0.8,POPT0.85,POPT0.9,POPT0.95,POPT1
1.closure3_all.csv-->2.closure2_all.csv,0.725785268,0.72336419,0.426267901,0,16,16,9,15.19063545,0,0.146788991,0.148148148,0.219512195,0.119702613,0,0.8,0.8,0.45,0.759531773,0,0.248062016,0.25,0.295081967,0.193051576,0,0.675585284,0.678929766,0.856187291,0.533036543,0.933110368,0.776344086,0.03228631,0.035514413,0.069960943,0.001596327,0,0.058654581,0.065691298,0.14202914,0.186681506,0.221206871,0.248071401,0.273460008,0.294064356,0.314904197,0.33558457,0.357047592,0.381423063,0.405545716,0.431192049,0.454045153,0.474443039,0.494331278,0.516175773,0.542363456,0.566512743,-0.007261417,-0.02771702,0.031782884,0.059117768,0.074830944,0.08098905,0.085110245,0.082955748,0.08076988,0.078071687,0.076203799,0.078459486,0.080436623,0.084974563,0.085170591,0.081058056,0.075612005,0.073369236,0.079615535,0.082186352,0.443401372,0.442294916,0.303992697,NaN,0.058654581,0.065691298,0.14202914,0.186681506,0.221206871,0.248071401,0.273460008,0.294064356,0.314904197,0.33558457,0.357047592,0.381423063,0.405545716,0.431192049,0.454045153,0.474443039,0.493514952,0.511858059,0.531085886,0.541093176
