,P.BPP,P.BCE,P.MFM,P.0.5,TP.BPP,TP.BCE,TP.MFM,TP.AVG,TP.0.5,P.BPP,P.BCE,P.MFM,P.AVG,P.0.5,R.BPP,R.BCE,R.MFM,R.AVG,R.0.5,F.BPP,F.BCE,F.MFM,F.AVG,F.0.5,ACC.BPP,ACC.BCE,ACC.MFM,ACC.AVG,ACC.0.5,AUC,ER.BPP,ER.BCE,ER.MFM,ER.AVG,ER.0.5,AR0.05,AR0.1,AR0.15,AR0.2,AR0.25,AR0.3,AR0.35,AR0.4,AR0.45,AR0.5,AR0.55,AR0.6,AR0.65,AR0.7,AR0.75,AR0.8,AR0.85,AR0.9,AR0.95,AR1,CE0.05,CE0.1,CE0.15,CE0.2,CE0.25,CE0.3,CE0.35,CE0.4,CE0.45,CE0.5,CE0.55,CE0.6,CE0.65,CE0.7,CE0.75,CE0.8,CE0.85,CE0.9,CE0.95,CE1,POPT_BPP,POPT_BCE,POPT_MFM,POPT_0.5,POPT0.05,POPT0.1,POPT0.15,POPT0.2,POPT0.25,POPT0.3,POPT0.35,POPT0.4,POPT0.45,POPT0.5,POPT0.55,POPT0.6,POPT0.65,POPT0.7,POPT0.75,POPT0.8,POPT0.85,POPT0.9,POPT0.95,POPT1
1.closure3_all.csv-->2.closure2_all.csv,0.454561279,0.430714455,0.367291716,0,14,13,12,12.99331104,0,0.152173913,0.142857143,0.153846154,0.095650461,0,0.7,0.65,0.6,0.649665552,0,0.25,0.234234234,0.244897959,0.157231691,0,0.719063545,0.715719064,0.752508361,0.510374604,0.933110368,0.649462366,0.318158082,0.310856872,0.370357058,0.159201455,0,0.043552989,0.115645928,0.134347219,0.199473714,0.254381309,0.28842947,0.326473299,0.362835319,0.395642702,0.425883036,0.450081636,0.472722379,0.495368776,0.521465796,0.546630473,0.56859453,0.587804528,0.604747901,0.619803467,0.634368489,-0.023420469,0.027231867,0.023113863,0.073916352,0.114240592,0.130314887,0.151866814,0.172292526,0.189101102,0.203367862,0.209875429,0.214474933,0.219384224,0.230195414,0.24031121,0.245682941,0.246485833,0.243004518,0.23536049,0.225855927,0.398672072,0.383088935,0.339920245,NaN,0.043552989,0.115645928,0.134347219,0.199473714,0.254381309,0.28842947,0.326473299,0.362835319,0.395642702,0.425883036,0.450081636,0.472722379,0.495368776,0.521465796,0.546630473,0.56859453,0.587139101,0.601220618,0.61168698,0.61658917
