model.type, train.version, BPP, BCE, MFM
lr,1,0.000681106714359179,0.000892676544132407,0.000390806099997685 
rf,1,0.000731107205623902,0.000756708407871199,0.00110230179028133 
cart,1,0.000474158368895211,0.000771604938271605,0.000474158368895211 
j48,1,0.000606060606060606,0.000627440044617959,8e-04 
naivebayes,1,4.3829308435186e-22,5.42272424804059e-22,1.06593202942937e-05 
svm,1,0.00121911921357367,0.00142126700327917,0.00108448339212392 
