model.type, train.version, BPP, BCE, MFM
lr,1,0.000173048981039438,0.000215008579450391,0.000142974097218871 
rf,1,0.000293147673140344,0.00025201072386059,0.000293147673140344 
cart,1,0.000139821029082774,0.000143163922691482,0.000139821029082774 
j48,1,0.000122711933735556,0.000150511739915713,0.000122711933735556 
naivebayes,1,6.45596580841705e-12,6.45596580841705e-12,6.45596580841705e-12 
svm,1,0.000215783984247476,0.000266440069035945,6.49999657874374e-05 
