"Estimate","Std. Error","z value","Pr(>|z|)"
"(Intercept)",-6.42653225180608,1.75207386405709,-3.66795737533852,0.000244495930349096
"CBO",0.218671811589877,0.102057771357491,2.14262773604871,0.0321430021879041
"addedsloc",-0.116270349634862,0.0530986989667048,-2.18970242016228,0.0285458254570384
"changedsloc",0.441554563538044,0.168535409039351,2.6199512972075,0.00879423254144963
