version, Attr, sigAttr,Residual.deviance, df.residual, null.deviance, df.null, AIC, iter, theta, std.err, 2loglik
time2.0_all.csv,2,2,51.4390303236279,131,60.6069611681944,133,57.4390303236279,6,,, 
time2.1_all.csv,2,3,16.7216596579385,131,35.9717543794337,133,22.7216596579385,8,,, 
time2.2_all.csv,5,3,16.5475703429305,127,48.9082345157676,132,28.5475703429305,9,,, 
time2.3_all.csv,3,4,28.6959185209545,131,42.7708539355835,134,36.6959185209545,8,,, 
